Permit,Permittee,Reissuance number,Estimated max years in business,Facility ID,County,DNR region,Address,Street,City,Zip,Status,Issued date,Year issued,Effective date,Effective date,Expiration date,Animal type,Icon,Number of animal units,Animal unit date,Proposed number of animal units,Date of proposed animal units,Township,Range,Section,Q,QQ,QQQ
0064220 ,Jim Herman Inc ,01 ,5,41471 ,Dane ,SC ,"233 East Main St, Marshall, WI 53559  ",233 East Main St, Marshall,53559,Current ,10/22/2010,2010,11/1/2010 ,11/1/2010,9/30/2015 ,Beef ,small_blue,"1,900",6/12/2009 ,"2,250",,,   ,,,,
0063916 ,"Roche Farms, Inc. ",01 ,5,38893 ,Dodge ,SC ,"N3432 Cty BB, Columbus, WI 53925  ",N3432 Cty BB, Columbus,53925,Expired ,6/30/2008,2008,7/1/2008 ,7/1/2008,6/30/2013 ,Beef ,small_blue,"1,504",3/28/2008 ,"1,504",,,   ,,,,
0063908 ,UW Arlington Agricultural Research Station ,01 ,5,38853 ,Columbia ,SC ,"N695 Hopkins Rd, Arlington, WI 53911  ",N695 Hopkins Rd, Arlington,53911,Expired ,6/30/2008,2008,7/1/2008 ,7/1/2008,6/30/2013 ,Beef ,small_blue,"1,425",,"1,880",,,   ,,,,
0058866 ,W C C Flats Inc ,01 ,5,11546 ,Sauk ,SC ,"E10941 River Rd, Sauk City, WI 53583 ",E10941 River Rd, Sauk City,53583,Expired ,6/30/2000,2000,7/1/2000 ,7/1/2000,3/31/2005 ,Beef ,small_blue,"1,530",11/9/2005 ,"1,530",,,   ,,,,
0062201 ,Kippley Farms ,02 ,10,21886 ,Dane ,SC ,"6137 CTY K, Waunakee, WI 53597  ",6137 CTY K, Waunakee,53597,Current ,9/1/2010,2010,12/1/2010 ,12/1/2010,11/30/2015 ,Beef ,small_blue,"2,094",6/4/2010 ,0,,,   ,,,,
0063312 ,Rueden Beef LLC ,02 ,10,33482 ,Brown ,NE ,"276 Crestview Rd, Kaukauna, WI 54130  ",276 Crestview Rd, Kaukauna,54130,Current ,6/25/2013,2013,7/1/2013 ,7/1/2013,6/30/2018 ,Beef ,small_blue,780,3/1/2013 ,0,,,   ,,,,
0063410 ,Skyline Blue Acres ,02 ,10,34101 ,Kewaunee ,NE ,"E612 Cty Rd BB, Denmark, WI 54208  ",E612 Cty Rd BB, Denmark,54208,Current ,2/13/2012,2012,3/1/2012 ,3/1/2012,2/28/2017 ,Beef ,small_blue,"1,300",2/18/2013 ,0,,,   ,,,,
0059099 ,ABS Global Inc ,03 ,15,16059 ,Dane ,SC ,"1525 River Rd, DeForest, WI 53532  ",1525 River Rd, DeForest,53532,Current ,7/23/2012,2012,8/1/2012 ,8/1/2012,6/30/2017 ,Beef ,small_blue,"1,281",11/23/2011 ,"1,281",,,   ,,,,
0059048 ,Calamity Knoll Farm ,03 ,15,11956 ,Rock ,SC ,"9819 S Gustafson Rd, Clinton, WI 53525  ",9819 S Gustafson Rd, Clinton,53525,Current ,4/1/2013,2013,4/1/2013 ,4/1/2013,3/31/2018 ,Beef ,small_blue,"2,013",2/5/2013 ,0,,1 ,13  E ,24 ,NW ,,
0056294 ,NABER LAND AND CATTLE INC ,05 ,20,5097 ,Jefferson ,SC ,"W6919 Grogan Rd, FORT ATKINSON, WI 53538 ",W6919 Grogan Rd, FORT ATKINSON,53538,Current ,5/1/2009,2009,5/1/2009 ,5/1/2009,3/31/2014 ,Beef ,small_blue,"2,000",2/25/2009 ,0,,5 ,14  E ,31 ,SE ,,
0064416 ,Deans Eggs - Nature Link Farms LLC ,01 ,5,42347 ,Jefferson ,SC ,"N5485 Harvey Road, Jefferson, WI 53549  ",N5485 Harvey Road, Jefferson,53549,Current ,7/1/2010,2010,7/1/2010 ,7/1/2010,6/30/2015 ,Chickens ,small_yellow,"1,218",6/26/2009 ,"2,706",,,   ,,,,
0062553 ,"Pulsfus Poultry, Inc. ",03 ,15,24569 ,Columbia ,SC ,"W5403 St. Hwy 60, Poynette, WI 53955  ",W5403 St. Hwy 60, Poynette,53955,Current ,3/20/2013,2013,4/1/2013 ,4/1/2013,3/31/2018 ,Chickens ,small_yellow,"1,047",10/4/2012 ,0,,,   ,,,,
0056308 ,Daybreak Foods Inc. - Creekwood Farm ,05 ,20,5098 ,Jefferson ,SC ,"N5505 Crossman Road, LAKE MILLS, WI 53551  ",N5505 Crossman Road, LAKE MILLS,53551,Current ,12/18/2012,2012,1/1/2013 ,1/1/2013,12/31/2017 ,Chickens ,small_yellow,"11,316",10/5/2012 ,0,,7 ,13  E ,27 ,NW ,,
0057550 ,"Daybreak Foods, Inc. - Lake Mills Complex ",05 ,20,5119 ,Dane ,SC ,"PO Box 800, Lake Mills, WI 535510800 ",PO Box 800, Lake Mills,53551,Current ,6/29/2012,2012,7/1/2012 ,7/1/2012,6/30/2017 ,Chickens ,small_yellow,"12,485",7/8/2011 ,0,,7 ,13  E ,7 ,NE ,,
0056677 ,Kettle Moraine Egg Ranch LLC ,05 ,20,5113 ,Washington ,SE ,"9249 Wescott Rd, Kewaskum, WI 53040  ",9249 Wescott Rd, Kewaskum,53040,Current ,1/1/2013,2013,1/1/2013 ,1/1/2013,12/31/2017 ,Chickens ,small_yellow,891,8/31/2012 ,"1,200",,12 ,20  E ,7 ,NW ,,
0056600 ,S AND R EGG FARMS INC GENESEE FACILITY ,05 ,20,5021 ,Waukesha ,SE ,"N 9416 Tamarack Road, Whitewater, WI 53190  ",N 9416 Tamarack Road, Whitewater,53190,Current ,11/28/2011,2011,1/1/2012 ,1/1/2012,9/30/2016 ,Chickens ,small_yellow,"1,495",8/1/2011 ,0,,6 ,18  E ,26 ,,,
0056537 ,S AND R EGG FARMS INC LA GRANGE TN ,05 ,20,5282 ,Walworth ,SE ,"N9416 Tamarack Rd, WHITEWATER, WI 53190 ",N9416 Tamarack Rd, WHITEWATER,53190,Current ,11/28/2011,2011,1/1/2012 ,1/1/2012,9/30/2016 ,Chickens ,small_yellow,"10,165",8/4/2011 ,"13,688",,4 ,16   ,2 ,SW ,NW ,
0002437 ,Coldspring Egg Farm Inc Main Farm ,09 ,,5128 ,Jefferson ,SC ,"N 9416 Tamarack Road, Whitewater, WI 53190  ",N 9416 Tamarack Road, Whitewater,53190,Current ,11/28/2011,2011,1/1/2012 ,1/1/2012,9/30/2016 ,Chickens ,small_yellow,"21,089",8/1/2011 ,"27,066",,5 ,16  E ,19 ,SW ,NE ,
0063274 ,3 D Dairy LLC ,01 ,5,21283 ,Fond Du Lac ,NE ,"N8148 Schaefer Rd, Malone, WI 53049  ",N8148 Schaefer Rd, Malone,53049,Current ,4/4/2011,2011,11/1/2012 ,11/1/2012,3/31/2016 ,Dairy ,small_red,"2,226",4/25/2012 ,0,,,   ,,,,
0063274 ,Allen VandeHei ,01 ,5,44098 ,Outagamie ,NE ,"N8322 County Rd Y, Seymour, WI 54165  ",N8322 County Rd Y, Seymour,54165,Current ,4/4/2011,2011,8/1/2011 ,8/1/2011,3/31/2016 ,Dairy ,small_red,"1,169",2/4/2013 ,0,,,   ,,,,
0064289 ,Badger Holsteins of Unity LLC ,01 ,5,41773 ,Clark ,WC ,"W2031 CTH K, Unity, WI 54488  ",W2031 CTH K, Unity,54488,Current ,8/1/2011,2011,8/1/2011 ,8/1/2011,7/31/2016 ,Dairy ,small_red,"1,740",6/1/2011 ,"3,620",6/1/2015 ,,   ,,,,
0064190 ,Badger Pride Dairy LLC ,01 ,5,41046 ,Manitowoc ,NE ,"15724 Hillcreek Rd, Valders, WI 54245  ",15724 Hillcreek Rd, Valders,54245,Current ,5/24/2011,2011,6/1/2011 ,6/1/2011,5/31/2016 ,Dairy ,small_red,"1,299",1/31/2013 ,"1,274",12/31/2012 ,,   ,,,,
0064599 ,Beck Dairy Farm ,01 ,5,43342 ,Washington ,SE ,"9179 Hwy W, Campbellsport, WI 53010  ",9179 Hwy W, Campbellsport,53010,Current ,9/7/2010,2010,10/1/2010 ,10/1/2010,9/30/2015 ,Dairy ,small_red,"1,319",7/7/2010 ,"2,008",,,   ,,,,
0064254 ,Birlings Bovines LLC ,01 ,5,41685 ,Outagamie ,NE ,"N8128 Town Hall Rd, Black Creek, WI 54106  ",N8128 Town Hall Rd, Black Creek,54106,Current ,3/29/2010,2010,4/1/2010 ,4/1/2010,3/31/2015 ,Dairy ,small_red,"2,280",2/18/2013 ,0,,,   ,,,,
0064246 ,Blaser Farms Inc ,01 ,5,41675 ,Oconto ,NE ,"9267 State Hwy 22 E, Gillett, WI 54124  ",9267 State Hwy 22 E, Gillett,54124,Current ,9/1/2010,2010,9/1/2010 ,9/1/2010,8/31/2015 ,Dairy ,small_red,"1,203",2/22/2013 ,"2,136",1/1/2012 ,,   ,,,,
0064637 ,Blue Royal Farms Inc ,01 ,5,43500 ,Manitowoc ,NE ,"1329 Menchalville Rd, Reedsville, WI 54230  ",1329 Menchalville Rd, Reedsville,54230,Current ,7/26/2011,2011,8/1/2011 ,8/1/2011,7/31/2016 ,Dairy ,small_red,915,1/31/2013 ,0,,,   ,,,,
0064203 ,Blue Royal Valley Dairy ,01 ,5,41047 ,Manitowoc ,NE ,"1329 Menchalville Rd, Reedsville, WI 54230  ",1329 Menchalville Rd, Reedsville,54230,Current ,6/28/2010,2010,7/1/2010 ,7/1/2010,6/30/2015 ,Dairy ,small_red,"1,593",1/31/2013 ,"1,752",,,   ,,,,
0064505 ,Bomaz Farms ,01 ,5,42435 ,St. Croix ,WC ,"426 165th St, Hammond, WI 54015  ",426 165th St, Hammond,54015,Current ,8/1/2010,2010,8/1/2010 ,8/1/2010,6/30/2015 ,Dairy ,small_red,"1,318",6/8/2010 ,"1,417",10/1/2010 ,,   ,,,,
0064491 ,Breezy Point Farms Inc ,01 ,5,42439 ,Buffalo ,WC ,"W2184 Cty Rd K, Durand, WI 54736  ",W2184 Cty Rd K, Durand,54736,Current ,4/1/2011,2011,4/1/2011 ,4/1/2011,3/31/2016 ,Dairy ,small_red,"1,091",1/4/2012 ,"1,201",11/1/2014 ,,   ,,,,
0064378 ,Brickstead Dairy LLC ,01 ,5,41973 ,Brown ,NE ,"1734 Wayside Rd, Greenleaf, WI 54126  ",1734 Wayside Rd, Greenleaf,54126,Current ,4/27/2010,2010,5/1/2010 ,5/1/2010,4/30/2015 ,Dairy ,small_red,"1,150",2/6/2013 ,"2,265",6/1/2012 ,,   ,,,,
0064858 ,Christian Hill Dairy LLC ,01 ,5,44943 ,Dodge ,SC ,"N10523 Hwy 175, Lomira, WI 53048  ",N10523 Hwy 175, Lomira,53048,Current ,9/9/2011,2011,10/1/2011 ,10/1/2011,9/30/2016 ,Dairy ,small_red,"2,447",5/23/2011 ,"4,450",6/1/2012 ,,   ,,,,
0064441 ,City View Dairy Inc ,01 ,5,42445 ,Chippewa ,WC ,"34452 Co. Hwy. O, Stanley, WI 54758  ",34452 Co. Hwy. O, Stanley,54758,Current ,4/1/2011,2011,4/1/2011 ,4/1/2011,3/31/2016 ,Dairy ,small_red,987,7/1/2011 ,"1,158",9/1/2012 ,,   ,,,,
0063193 ,Clark View Farms LLC ,01 ,5,32531 ,Grant ,SC ,"11933 Ready Hollow Rd, Bagley, WI 53801  ",11933 Ready Hollow Rd, Bagley,53801,Current ,7/29/2011,2011,8/1/2011 ,8/1/2011,6/30/2016 ,Dairy ,small_red,"1,227",2/5/2010 ,"2,634",8/1/2012 ,,   ,,,,
0064912 ,Coleman Ponderosa LLC ,01 ,5,45793 ,Marinette ,NE ,"N2823 23rd Rd, Coleman, WI 54112  ",N2823 23rd Rd, Coleman,54112,Current ,12/28/2011,2011,1/1/2012 ,1/1/2012,10/31/2016 ,Dairy ,small_red,977,,"2,950",,,   ,,,,
0065145 ,Collins Dairy Farm ,01 ,5,48180 ,Brown ,NE ,"3489 Hill Road, Greenleaf, WI 54126  ",3489 Hill Road, Greenleaf,54126,Current ,7/31/2013,2013,8/1/2013 ,8/1/2013,7/31/2018 ,Dairy ,small_red,995,3/4/2013 ,"1,611",3/1/2014 ,,   ,,,,
0064882 ,Crailoo Dairy Farm LLC ,01 ,5,45639 ,Fond Du Lac ,NE ,"W6976 County Rd F, Brownsville, WI 53006  ",W6976 County Rd F, Brownsville,53006,Current ,12/19/2011,2011,1/1/2012 ,1/1/2012,12/31/2016 ,Dairy ,small_red,941,5/2/2011 ,"1,096",5/1/2012 ,,   ,,,,
0063622 ,Cranberry Creek Dairy LLC ,01 ,5,35966 ,Dunn ,WC ,"E7803 90th Ave, Mondovi, WI 54755  ",E7803 90th Ave, Mondovi,54755,Expired ,1/1/2008,2008,1/1/2008 ,1/1/2008,12/31/2012 ,Dairy ,small_red,"1,230",2/4/2008 ,0,,,   ,,,,
0063274 ,Crave Brothers Farm LLC ,01 ,5,16905 ,Dodge ,SC ,"W11550 Torpy Rd, Waterloo, WI 53594  ",W11550 Torpy Rd, Waterloo,53594,Current ,4/4/2011,2011,1/1/2013 ,1/1/2013,3/31/2016 ,Dairy ,small_red,"2,950",10/26/2012 ,0,,,   ,,,,
0063681 ,Dallmann East River Dairy LLC ,01 ,5,36533 ,Calumet ,NE ,"N6038 E River Rd, Brillion, WI 54110  ",N6038 E River Rd, Brillion,54110,Current ,9/29/2009,2009,10/1/2009 ,10/1/2009,9/30/2014 ,Dairy ,small_red,"3,138",4/11/2007 ,"2,580",1/1/2013 ,,   ,,,,
0063274 ,Denmark Dairy ,01 ,5,46615 ,Dunn ,WC ,"E9275 780th Ave, Colfax, WI 54730  ",E9275 780th Ave, Colfax,54730,Current ,4/4/2011,2011,9/16/2013 ,9/16/2013,3/31/2016 ,Dairy ,small_red,"1,001",5/1/2012 ,"1,885",5/1/2012 ,,   ,,,,
0064327 ,Dutch Dairy LLC ,01 ,5,41865 ,Clark ,WC ,"N13581 Gorman Ave, Thorp, WI 54771  ",N13581 Gorman Ave, Thorp,54771,Current ,4/13/2012,2012,5/1/2012 ,5/1/2012,4/30/2017 ,Dairy ,small_red,"1,144",9/28/2009 ,"1,144",9/28/2009 ,,   ,,,,
0065153 ,Egan Bros Partnership ,01 ,5,48191 ,Waupaca ,NE ,"N5736 CTH T, New London, WI 54961  ",N5736 CTH T, New London,54961,Current ,6/28/2013,2013,7/1/2013 ,7/1/2013,6/30/2018 ,Dairy ,small_red,"1,195",3/7/2013 ,0,,,   ,,,,
0064271 ,Erickson Dairy LLC ,01 ,5,41772 ,Clark ,WC ,"W4929 Sand Rd, Neillsville, WI 54456  ",W4929 Sand Rd, Neillsville,54456,Current ,8/1/2011,2011,8/1/2011 ,8/1/2011,7/31/2016 ,Dairy ,small_red,953,10/8/2010 ,"1,331",1/1/2013 ,,   ,,,,
0065218 ,Fendryk Brothers (Partnership) ,01 ,5,48557 ,Marinette ,NE ,"W 9075 County Road P, Crivitz, WI 54114  ",W 9075 County Road P, Crivitz,54114,Current ,9/24/2013,2013,10/1/2013 ,10/1/2013,9/30/2018 ,Dairy ,small_red,"1,804",4/29/2013 ,"2,034",1/1/2016 ,,   ,,,,
0063274 ,Fetzer Farms Inc ,01 ,5,18977 ,Pierce ,WC ,"N4365 CTH CC, Elmwood, WI 54740  ",N4365 CTH CC, Elmwood,54740,Current ,4/4/2011,2011,1/1/2014 ,1/1/2014,3/31/2016 ,Dairy ,small_red,930,10/20/2009 ,"1,860",12/31/2013 ,,   ,,,,
0065226 ,Fitz Pine Dairy Farm Inc ,01 ,5,47836 ,Manitowoc ,NE ,"11405 County Rd F, Newton, WI 53063  ",11405 County Rd F, Newton,53063,Current ,7/29/2013,2013,8/1/2013 ,8/1/2013,7/31/2018 ,Dairy ,small_red,983,12/6/2012 ,"1,925",12/6/2012 ,,   ,,,,
0064645 ,Goeser Dairy LLC ,01 ,5,43546 ,Sheboygan ,SE ,"W7325 Hwy 67, Plymouth, WI 53073  ",W7325 Hwy 67, Plymouth,53073,Current ,10/1/2011,2011,10/1/2011 ,10/1/2011,9/30/2016 ,Dairy ,small_red,"1,765",7/12/2011 ,"2,066",,,   ,,,,
0064602 ,Golden E Dairy Farm ,01 ,5,43442 ,Washington ,SE ,"8262 Orchard Valley Rd, West Bend, WI 53090  ",8262 Orchard Valley Rd, West Bend,53090,Current ,9/7/2010,2010,10/1/2010 ,10/1/2010,9/30/2015 ,Dairy ,small_red,"1,334",7/28/2010 ,"1,468",,,   ,,,,
0065030 ,Grand View Dairy Farm Inc ,01 ,5,46923 ,Calumet ,NE ,"W3412 Schmidt Rd, Brillion, WI 54110  ",W3412 Schmidt Rd, Brillion,54110,Current ,10/25/2012,2012,11/1/2012 ,11/1/2012,10/31/2017 ,Dairy ,small_red,"2,109",1/31/2013 ,"2,295",6/19/2012 ,,   ,,,,
0065013 ,Halls Calf Ranch ,01 ,5,37120 ,Kewaunee ,NE ,"E2304 County Hwy F, Kewaunee, WI 54216  ",E2304 County Hwy F, Kewaunee,54216,Current ,2/28/2013,2013,3/1/2013 ,3/1/2013,2/28/2018 ,Dairy ,small_red,960,6/29/2012 ,"1,360",6/30/2013 ,23 ,23  E ,13 ,SE ,SW ,
0063169 ,Hanke Farms Inc ,01 ,5,32514 ,Sheboygan ,SE ,"N6368 Willow Rd, Sheboygan Falls, WI 53085  ",N6368 Willow Rd, Sheboygan Falls,53085,Current ,6/22/2010,2010,7/1/2010 ,7/1/2010,6/30/2015 ,Dairy ,small_red,"1,474",2/3/2009 ,"1,624",,,   ,,,,
0064131 ,Heims Hillcrest Dairy LLC ,01 ,5,40703 ,Kewaunee ,NE ,"E3730 Rockledge Rd, Algoma, WI 54201  ",E3730 Rockledge Rd, Algoma,54201,Current ,9/24/2010,2010,10/1/2010 ,10/1/2010,9/30/2015 ,Dairy ,small_red,"1,283",1/31/2013 ,"2,358",5/1/2012 ,,   ,,,,
0064611 ,Hickory Lawn Dairy Farm ,01 ,5,43461 ,Sheboygan ,SE ,"N2957 Hickory Grove Rd, Cascade, WI 53011  ",N2957 Hickory Grove Rd, Cascade,53011,Current ,9/28/2010,2010,10/1/2010 ,10/1/2010,9/30/2015 ,Dairy ,small_red,"1,224",8/2/2010 ,"1,495",,,   ,,,,
0063151 ,Highland Crossing Dairy LLC ,01 ,5,32507 ,Sheboygan ,SE ,"W3194 Playbird Road, Sheboygan Falls, WI 53085  ",W3194 Playbird Road, Sheboygan Falls,53085,Current ,3/18/2010,2010,4/1/2010 ,4/1/2010,3/31/2015 ,Dairy ,small_red,"1,114",10/22/2008 ,"2,000",,,   ,,,,
0063274 ,"Hillsprairie Dairy/Mitchell Farms, Inc. ",01 ,5,25278 ,Vernon ,WC ,"E18194 County Highway F, Hillsboro, WI 54634  ",E18194 County Highway F, Hillsboro,54634,Current ,4/4/2011,2011,1/1/2014 ,1/1/2014,3/31/2016 ,Dairy ,small_red,611,1/10/2003 ,"1,250",4/1/2003 ,,   ,,,,
0063983 ,Hilltop Dairy LLC ,01 ,5,39995 ,Green Lake ,NE ,"N477 Cty Rd Q, Markesan, WI 53946  ",N477 Cty Rd Q, Markesan,53946,Current ,11/1/2009,2009,11/1/2009 ,11/1/2009,10/31/2014 ,Dairy ,small_red,"1,447",2/4/2013 ,"2,311",8/10/2014 ,,   ,,,,
0064726 ,J C Maurer & Sons LLC ,01 ,5,43257 ,Sheboygan ,SE ,"W7560 Grogen Rd, Elkhart Lake, WI 53020  ",W7560 Grogen Rd, Elkhart Lake,53020,Current ,1/24/2011,2011,2/1/2011 ,2/1/2011,1/31/2016 ,Dairy ,small_red,998,10/28/2010 ,"1,836",,16 ,20  E ,11 ,NW ,SE ,
0063801 ,J M Schmidt and Sons Inc ,01 ,5,38020 ,Dodge ,SC ,"N8133 Doyle Rd, Theresa, WI 53091  ",N8133 Doyle Rd, Theresa,53091,Expired ,3/25/2008,2008,4/1/2008 ,4/1/2008,3/31/2013 ,Dairy ,small_red,964,11/15/2007 ,"2,310",,,   ,,,,
0063274 ,John and Mary Jane Higbie ,01 ,5,34600 ,Dunn ,WC ,"E9195 910th Ave, Colfax, WI 54730  ",E9195 910th Ave, Colfax,54730,Current ,4/4/2011,2011,10/1/2012 ,10/1/2012,3/31/2016 ,Dairy ,small_red,"1,263",2/21/2012 ,0,,,   ,,,,
0065196 ,Kane Family Farm ,01 ,5,47071 ,Brown ,NE ,"4367 Lark Road, Denmark, WI 54208  ",4367 Lark Road, Denmark,54208,Current ,6/5/2013,2013,6/1/2013 ,6/1/2013,5/31/2018 ,Dairy ,small_red,964,3/28/2013 ,"1,563",6/30/2014 ,,   ,,,,
0064769 ,Katzman Farms Inc ,01 ,5,44084 ,Walworth ,SE ,"W7889 Reliance Rd, Whitewater, WI 53190  ",W7889 Reliance Rd, Whitewater,53190,Current ,1/24/2011,2011,8/1/2012 ,8/1/2012,2/29/2016 ,Dairy ,small_red,"1,573",6/5/2012 ,"2,511",,,   ,,,,
0063274 ,Kersten Farms LLC ,01 ,5,46122 ,Dane ,SC ,"5519 Hwy 73, Marshall, WI 53559  ",5519 Hwy 73, Marshall,53559,Current ,4/4/2011,2011,10/15/2012 ,10/15/2012,3/31/2016 ,Dairy ,small_red,994,3/5/2012 ,"1,451",4/1/2012 ,,   ,,,,
0063894 ,Kostechka Dairy LLC ,01 ,5,38774 ,Manitowoc ,NE ,"12031 Hillcrest Rd, Whitelaw, WI 54247  ",12031 Hillcrest Rd, Whitelaw,54247,Current ,7/25/2011,2011,8/1/2011 ,8/1/2011,7/31/2016 ,Dairy ,small_red,"1,430",,"1,430",,,   ,,,,
0065170 ,Krueger Dairy LLC ,01 ,5,48215 ,Shawano ,NE ,"W8371 Oak Ave, Shawano, WI 54166  ",W8371 Oak Ave, Shawano,54166,Current ,9/21/2013,2013,11/1/2013 ,11/1/2013,10/31/2018 ,Dairy ,small_red,"2,085",3/25/2013 ,0,,,   ,,,,
0063274 ,Lake Breeze Dairy LLC ,01 ,5,24094 ,Fond Du Lac ,NE ,"W2651 Kiel Rd, Malone, WI 53049  ",W2651 Kiel Rd, Malone,53049,Current ,4/4/2011,2011,10/1/2011 ,10/1/2011,3/31/2016 ,Dairy ,small_red,"4,342",2/28/2013 ,0,,,   ,,,,
0064777 ,Landl Farms LLC ,01 ,5,44097 ,Outagamie ,NE ,"N870 County Road GG, Kaukauna, WI 54130  ",N870 County Road GG, Kaukauna,54130,Current ,7/14/2011,2011,8/1/2011 ,8/1/2011,7/31/2016 ,Dairy ,small_red,"1,186",12/1/2010 ,0,,,   ,,,,
0064840 ,Lisowe Acres LLC ,01 ,5,44750 ,Fond Du Lac ,NE ,"W514 Weber Rd, Chilton, WI 53014  ",W514 Weber Rd, Chilton,53014,Current ,9/16/2011,2011,10/1/2011 ,10/1/2011,9/30/2016 ,Dairy ,small_red,"1,230",8/3/2011 ,"1,623",1/1/2012 ,,   ,,,,
0064751 ,Luckwaldt Agriculture Inc ,01 ,5,44075 ,St. Croix ,WC ,"2606 County Highway D, Woodville, WI 54028  ",2606 County Highway D, Woodville,54028,Current ,4/1/2012,2012,4/1/2012 ,4/1/2012,3/31/2017 ,Dairy ,small_red,"1,392",4/1/2012 ,"2,104",11/1/2014 ,,   ,,,,
0064874 ,Majestic Meadows Dairy LLC ,01 ,5,45279 ,Sheboygan ,SE ,"N5853 Meadowlark Rd, Sheboygan Falls, WI 53085  ",N5853 Meadowlark Rd, Sheboygan Falls,53085,Current ,12/1/2011,2011,12/1/2011 ,12/1/2011,11/30/2016 ,Dairy ,small_red,986,8/24/2011 ,"2,338",,,   ,,,,
0063274 ,Mar-Bec Dairy ,01 ,5,37673 ,Buffalo ,WC ,"W962 Cty Rd NN, Mondovi, WI 54755  ",W962 Cty Rd NN, Mondovi,54755,Current ,4/4/2011,2011,1/1/2014 ,1/1/2014,3/31/2016 ,Dairy ,small_red,920,,"1,143",1/1/2009 ,,   ,,,,
0064483 ,"Marshland Acres, Inc ",01 ,5,41509 ,Pepin ,WC ,"W4072 County Rd R, Durand, WI 54736  ",W4072 County Rd R, Durand,54736,Current ,8/1/2010,2010,8/1/2010 ,8/1/2010,6/30/2015 ,Dairy ,small_red,"4,620",8/1/2010 ,"4,620",8/1/2010 ,,   ,,,,
0063991 ,Maunesha River Dairy ,01 ,5,40048 ,Dane ,SC ,"6790 Twin Lane Rd, Sun Prairie, WI 53590  ",6790 Twin Lane Rd, Sun Prairie,53590,Current ,11/23/2010,2010,12/1/2010 ,12/1/2010,9/30/2015 ,Dairy ,small_red,"1,081",9/10/2010 ,"2,243",11/1/2010 ,,   ,,,,
0064866 ,Melichar Broad Acres ,01 ,5,43742 ,Ozaukee ,SE ,"3990 Willow Lane, Port Washington, WI 53074  ",3990 Willow Lane, Port Washington,53074,Current ,11/1/2011,2011,11/1/2011 ,11/1/2011,10/31/2016 ,Dairy ,small_red,"1,248",8/4/2011 ,"1,875",,11 ,22  E ,18 ,,,
0064092 ,Meyer Family Dairy LLC ,01 ,5,40486 ,Clark ,WC ,"W3320 153rd Rd, Loyal, WI 54446  ",W3320 153rd Rd, Loyal,54446,Current ,10/1/2010,2010,10/1/2010 ,10/1/2010,9/30/2015 ,Dairy ,small_red,"1,353",7/24/2009 ,"2,490",6/1/2015 ,,   ,,,,
0063274 ,Miedema Dairy Farms LLC ,01 ,5,40654 ,Brown ,NE ,"4431 County Road C, Pulaski, WI 54162  ",4431 County Road C, Pulaski,54162,Current ,4/4/2011,2011,8/1/2012 ,8/1/2012,3/31/2016 ,Dairy ,small_red,"1,359",2/6/2013 ,"1,526",4/6/2012 ,25 ,19  E ,2 ,SE ,NE ,
0063819 ,Nagel Dairy Farm LLC ,01 ,5,38013 ,Langlade ,NO ,"N6841 County V, Deerbrook, WI 54424  ",N6841 County V, Deerbrook,54424,Current ,6/8/2010,2010,7/1/2010 ,7/1/2010,6/30/2015 ,Dairy ,small_red,909,11/8/2007 ,"4,035",6/30/2013 ,,   ,,,,
0064696 ,New Chester Dairy LLC ,01 ,5,43735 ,Adams ,WC ,"2563 5th Ave., Grand Marsh, WI 53936  ",2563 5th Ave., Grand Marsh,53936,Current ,2/2/2011,2011,11/1/2013 ,11/1/2013,7/31/2016 ,Dairy ,small_red,"6,270",2/1/2011 ,"12,540",5/1/2012 ,,   ,,,,
0063274 ,O' Harrow's Family Farm LLC ,01 ,5,36047 ,Oconto ,NE ,"6401 Company Lake Rd, Oconto Falls, WI 54154  ",6401 Company Lake Rd, Oconto Falls,54154,Current ,4/4/2011,2011,5/1/2012 ,5/1/2012,3/31/2016 ,Dairy ,small_red,"3,005",2/1/2013 ,"4,845",12/31/2014 ,,   ,,,,
0063274 ,Owens Farms Inc ,01 ,5,33702 ,Polk ,NO ,"315 355th Ave, Frederic, WI 54837  ",315 355th Ave, Frederic,54837,Current ,4/4/2011,2011,5/1/2012 ,5/1/2012,3/31/2016 ,Dairy ,small_red,"1,120",2/6/2006 ,"1,469",6/30/2011 ,,   ,,,,
0064432 ,Pfaff Prairie Farms ,01 ,5,42446 ,Jackson ,WC ,"N1497 State Rd 108, Melrose, WI 54642  ",N1497 State Rd 108, Melrose,54642,Current ,4/1/2011,2011,4/1/2011 ,4/1/2011,3/31/2016 ,Dairy ,small_red,"1,185",11/1/2011 ,"1,358",6/1/2012 ,,   ,,,,
0063274 ,"Pine Breeze Dairy, LLC ",01 ,5,46287 ,Waushara ,NE ,"W1776 Aspen Ave, Pine River, WI 54965  ",W1776 Aspen Ave, Pine River,54965,Current ,4/4/2011,2011,10/1/2012 ,10/1/2012,3/31/2016 ,Dairy ,small_red,591,2/4/2013 ,"3,432",4/1/2013 ,,   ,,,,
0064661 ,Prairieland Dairy LLC ,01 ,5,43612 ,Dane ,SC ,"364 Remy Rd, Belleville, WI 53508  ",364 Remy Rd, Belleville,53508,Current ,6/26/2013,2013,7/1/2013 ,7/1/2013,6/30/2018 ,Dairy ,small_red,963,6/26/2012 ,"1,835",6/27/2012 ,,   ,,,,
0062821 ,Ranovael Dairy ,01 ,5,28767 ,Brown ,NE ,"1244 County Line Rd, De Pere, WI 54115  ",1244 County Line Rd, De Pere,54115,Current ,9/25/2009,2009,10/1/2009 ,10/1/2009,9/30/2014 ,Dairy ,small_red,"1,372",2/12/2013 ,"1,372",4/1/2010 ,,   ,,,,
0064815 ,Richfield Dairy LLC ,01 ,5,44328 ,Adams ,WC ,"N3569 Vanden Bosch Rd, Kaukauna, WI 54130  ",N3569 Vanden Bosch Rd, Kaukauna,54130,Current ,11/3/2011,2011,1/1/2012 ,1/1/2012,12/31/2016 ,Dairy ,small_red,"6,270",8/1/2011 ,"12,540",8/1/2012 ,,   ,,,,
0063975 ,Rickert Bros LLC ,01 ,5,39994 ,Fond Du Lac ,NE ,"W9150 Lincoln Rd, Eldorado, WI 54932  ",W9150 Lincoln Rd, Eldorado,54932,Current ,5/1/2009,2009,5/1/2009 ,5/1/2009,4/30/2014 ,Dairy ,small_red,"1,866",9/2/2008 ,"2,064",10/31/2013 ,,   ,,,,
0063274 ,Robinway Dairy Farms ,01 ,5,16012 ,Manitowoc ,NE ,"17231 Point Creek Rd, Kiel, WI 53042  ",17231 Point Creek Rd, Kiel,53042,Current ,4/4/2011,2011,3/13/2012 ,3/13/2012,3/31/2016 ,Dairy ,small_red,"2,140",1/29/2009 ,0,,,   ,,,,
0064807 ,Rock Prairie Dairy LLC ,01 ,5,44238 ,Rock ,SC ,"2670 D Road, Rising City, NE 68658  ",2670 D Road, Rising City,68658,Current ,6/30/2011,2011,7/1/2011 ,7/1/2011,6/30/2016 ,Dairy ,small_red,0,3/7/2011 ,"7,436",5/1/2011 ,,   ,,,,
0064521 ,Rohan Dairy Farms LLC ,01 ,5,42730 ,Outagamie ,NE ,"N7832 Village Rd, Bear Creek, WI 54922  ",N7832 Village Rd, Bear Creek,54922,Current ,8/25/2010,2010,9/1/2010 ,9/1/2010,8/31/2015 ,Dairy ,small_red,"1,197",2/28/2013 ,0,,,   ,,,,
0063274 ,Rosy Lane Holsteins LLC ,01 ,5,16177 ,Jefferson ,SC ,"W3855 Ebenezer Dr, Watertown, WI 53094  ",W3855 Ebenezer Dr, Watertown,53094,Current ,4/4/2011,2011,1/1/2013 ,1/1/2013,3/31/2016 ,Dairy ,small_red,"1,739",8/3/2012 ,"1,830",8/3/2012 ,,   ,,,,
0064386 ,Ruedinger Farms Inc ,01 ,5,42017 ,Fond Du Lac ,NE ,"W7222 Cemetary Rd, Van Dyne, WI 54979  ",W7222 Cemetary Rd, Van Dyne,54979,Current ,3/29/2010,2010,4/1/2010 ,4/1/2010,3/31/2015 ,Dairy ,small_red,"1,652",10/30/2009 ,"3,232",5/1/2011 ,,   ,,,,
0063274 ,SCHEPS DAIRY INC ,01 ,5,36637 ,Barron ,NO ,"1631 4th St, Almena, WI 54805  ",1631 4th St, Almena,54805,Current ,4/4/2011,2011,2/1/2014 ,2/1/2014,3/31/2016 ,Dairy ,small_red,"2,075",5/15/2013 ,"2,075",,,   ,,,,
0063274 ,"SPRING BROOK FARM, LLC ",01 ,5,10193 ,Langlade ,NO ,"N4646 Hill Road, Bryant, WI 544189703 ",N4646 Hill Road, Bryant,54418,Current ,4/4/2011,2011,1/1/2012 ,1/1/2012,3/31/2016 ,Dairy ,small_red,"2,100",1/1/2002 ,0,,31 ,12  E ,6 ,,,
0062383 ,Schairer Farms ,01 ,5,23551 ,Marathon ,WC ,"N1245 Evergreen Road, Birnamwood, WI 54414  ",N1245 Evergreen Road, Birnamwood,54414,Expired ,4/30/2006,2006,5/1/2006 ,5/1/2006,3/1/2011 ,Dairy ,small_red,"1,520",7/14/2005 ,0,,,   ,,,,
0063274 ,Schneider Farms Inc ,01 ,5,17040 ,Calumet ,NE ,"W2920 Faro Springs Rd, Hilbert, WI 54129  ",W2920 Faro Springs Rd, Hilbert,54129,Current ,4/4/2011,2011,12/1/2011 ,12/1/2011,3/31/2016 ,Dairy ,small_red,"2,860",1/31/2013 ,0,,,   ,,,,
0063274 ,Sedelbauer Farms Inc Heifer Operation ,01 ,5,23555 ,Jackson ,WC ,"W14804 Hwy 95, Hixton, WI 54635  ",W14804 Hwy 95, Hixton,54635,Current ,4/4/2011,2011,1/1/2014 ,1/1/2014,3/31/2016 ,Dairy ,small_red,985,1/1/2002 ,"2,160",5/1/2003 ,,   ,,,,
0064467 ,"Seguins Valley View Acres, LLC ",01 ,5,42383 ,Eau Claire ,WC ,"S14111 County Road I, Eleva, WI 54738  ",S14111 County Road I, Eleva,54738,Current ,4/1/2012,2012,4/1/2012 ,4/1/2012,3/31/2017 ,Dairy ,small_red,829,4/1/2012 ,"1,098",11/1/2012 ,,   ,,,,
0064971 ,Snudden Farms LLC ,01 ,5,46783 ,Walworth ,SE ,"N815 Zenda Rd, Lake Geneva, WI 53147  ",N815 Zenda Rd, Lake Geneva,53147,Current ,1/1/2013,2013,1/1/2013 ,1/1/2013,12/31/2017 ,Dairy ,small_red,"1,645",5/29/2012 ,"1,891",5/29/2012 ,,   ,,,,
0063274 ,Solhawk Dairy Inc ,01 ,5,35906 ,Chippewa ,WC ,"8544 County Highway X, Chippewa Falls, WI 54729  ",8544 County Highway X, Chippewa Falls,54729,Current ,4/4/2011,2011,6/1/2013 ,6/1/2013,3/31/2016 ,Dairy ,small_red,"2,659",9/26/2012 ,0,,,   ,,,,
0063274 ,Steven Brand ,01 ,5,37674 ,Pierce ,WC ,"W5895 Hwy 63, Ellsworth, WI 54010  ",W5895 Hwy 63, Ellsworth,54010,Current ,4/4/2011,2011,1/1/2014 ,1/1/2014,3/31/2016 ,Dairy ,small_red,983,10/31/2008 ,"1,680",12/31/2013 ,,   ,,,,
0064017 ,Strutz Farm Inc ,01 ,5,40097 ,Manitowoc ,NE ,"13104 Lakeshore Rd, Two Rivers, WI 54241  ",13104 Lakeshore Rd, Two Rivers,54241,Current ,7/29/2009,2009,8/1/2009 ,8/1/2009,7/31/2014 ,Dairy ,small_red,"1,735",6/5/2008 ,"4,010",6/1/2013 ,,   ,,,,
0063932 ,Tag Lane Dairy Farm ,01 ,5,39217 ,Jefferson ,SC ,"N8812 River Valley Rd, Ixonia, WI 53036  ",N8812 River Valley Rd, Ixonia,53036,Expired ,9/5/2008,2008,10/1/2008 ,10/1/2008,9/30/2013 ,Dairy ,small_red,848,5/14/2008 ,"2,865",5/1/2010 ,,   ,,,,
0064157 ,The Cattle Corner ,01 ,5,40721 ,Brown ,NE ,"5716 Humboldt Rd, Luxemburg, WI 54217  ",5716 Humboldt Rd, Luxemburg,54217,Current ,9/18/2009,2009,10/1/2009 ,10/1/2009,9/30/2014 ,Dairy ,small_red,"2,200",2/6/2013 ,"1,960",6/1/2010 ,,   ,,,,
0063274 ,Triple C Dairy ,01 ,5,46067 ,Oconto ,NE ,"8716 CCC Road, Oconto Falls, WI 54154  ",8716 CCC Road, Oconto Falls,54154,Current ,4/4/2011,2011,3/1/2012 ,3/1/2012,3/31/2016 ,Dairy ,small_red,996,2/9/2012 ,"1,753",2/1/2017 ,27 ,19  E ,4 ,SW ,SE ,
0063274 ,Twin Cities Vue Dairy LLC ,01 ,5,43644 ,Manitowoc ,NE ,"3416 Stone Rd, Manitowoc, WI 54220  ",3416 Stone Rd, Manitowoc,54220,Current ,4/4/2011,2011,12/1/2011 ,12/1/2011,3/31/2016 ,Dairy ,small_red,"1,414",4/13/2010 ,"1,645",1/31/2011 ,,   ,,,,
0063274 ,UNITED PRIDE DAIRY LLC ,01 ,5,21827 ,Price ,NO ,"W5993 Little Chicago Rd, Phillips, WI 54555  ",W5993 Little Chicago Rd, Phillips,54555,Current ,4/4/2011,2011,10/18/2013 ,10/18/2013,3/31/2016 ,Dairy ,small_red,"2,981",7/30/2012 ,"3,130",7/30/2012 ,,   ,,,,
0064106 ,United Meadows Dairy LLC ,01 ,5,40623 ,Brown ,NE ,"4357 County Rd U, Wrightstown, WI 54180  ",4357 County Rd U, Wrightstown,54180,Current ,2/24/2009,2009,3/1/2009 ,3/1/2009,2/28/2014 ,Dairy ,small_red,795,12/18/2008 ,0,,,   ,,,,
0064319 ,United Vision Dairy LLC ,01 ,5,41823 ,Manitowoc ,NE ,"12434 Tannery Rd, Mishicot, WI 54288  ",12434 Tannery Rd, Mishicot,54288,Current ,5/23/2011,2011,6/1/2011 ,6/1/2011,5/31/2016 ,Dairy ,small_red,"1,140",2/23/2011 ,"1,672",12/31/2012 ,,   ,,,,
0063592 ,"Valley Mead Farm, LLC ",01 ,5,35713 ,Green ,SC ,"N6395 CTH N, Monticello, WI 53570  ",N6395 CTH N, Monticello,53570,Current ,4/29/2011,2011,5/1/2011 ,5/1/2011,3/31/2016 ,Dairy ,small_red,"1,758",3/29/2011 ,0,,,   ,,,,
0064700 ,Volm Farms ,01 ,5,39374 ,Washington ,SE ,"5385 Sunset Drive, Kewaskum, WI 53040  ",5385 Sunset Drive, Kewaskum,53040,Current ,2/1/2012,2012,2/1/2012 ,2/1/2012,1/31/2017 ,Dairy ,small_red,"1,781",11/8/2011 ,"1,781",,,   ,,,,
0064025 ,White Gold Dairy LLC ,01 ,5,40106 ,Dane ,SC ,"6200 Maier Rd, Waunakee, WI 53597  ",6200 Maier Rd, Waunakee,53597,Current ,7/14/2010,2010,8/1/2010 ,8/1/2010,6/30/2015 ,Dairy ,small_red,994,4/23/2010 ,"2,188",12/1/2010 ,,   ,,,,
0063177 ,Williams Bedrock Bovines Inc ,01 ,5,32532 ,Green ,SC ,"N1233 Cty Hwy G, Brodhead, WI 53520  ",N1233 Cty Hwy G, Brodhead,53520,Expired ,5/30/2008,2008,6/1/2008 ,6/1/2008,3/31/2013 ,Dairy ,small_red,"1,550",4/1/2008 ,"1,697",1/1/2009 ,,   ,,,,
0065188 ,Ziegler Dairy Farms ,01 ,5,47956 ,Dane ,SC ,"4985 Church Road, Middleton, WI 53562  ",4985 Church Road, Middleton,53562,Current ,5/30/2013,2013,6/1/2013 ,6/1/2013,3/31/2018 ,Dairy ,small_red,972,1/18/2013 ,"2,045",1/18/2013 ,,   ,,,,
0064360 ,Zirbel Dairy Farms LLC ,01 ,5,41972 ,Brown ,NE ,"6013 Morrison Rd, De Pere, WI 54115  ",6013 Morrison Rd, De Pere,54115,Current ,1/25/2010,2010,2/1/2010 ,2/1/2010,1/31/2015 ,Dairy ,small_red,"1,571",2/27/2013 ,"1,855",6/1/2010 ,,   ,,,,
0063754 ,Arctic View Farms ,02 ,10,37675 ,Trempealeau ,WC ,"N17388 Cty Rd T, Galesville, WI 54630  ",N17388 Cty Rd T, Galesville,54630,Current ,7/1/2013,2013,7/1/2013 ,7/1/2013,6/30/2018 ,Dairy ,small_red,985,,"1,830",7/1/2009 ,,   ,,,,
0061972 ,Bach Farms LLC ,02 ,10,18978 ,Clark ,WC ,"W861 Cty Rd A, Dorchester, WI 54425  ",W861 Cty Rd A, Dorchester,54425,Expired ,8/7/2006,2006,10/1/2006 ,10/1/2006,9/30/2011 ,Dairy ,small_red,"1,787",7/10/2008 ,"1,787",3/14/2008 ,,   ,,,,
0063398 ,Betley Farms LLC ,02 ,10,33947 ,Shawano ,NE ,"W1630 Redwood Dr, Pulaski, WI 54162  ",W1630 Redwood Dr, Pulaski,54162,Current ,10/31/2011,2011,11/1/2011 ,11/1/2011,10/31/2016 ,Dairy ,small_red,"3,650",1/4/2011 ,0,,,   ,,,,
0063657 ,Blaken Farms LLC ,02 ,10,36279 ,Jackson ,WC ,"W13887 Cty Rd D, Melrose, WI 54642  ",W13887 Cty Rd D, Melrose,54642,Current ,7/1/2012,2012,7/1/2012 ,7/1/2012,6/30/2017 ,Dairy ,small_red,"1,444",2/4/2008 ,0,,,   ,,,,
0063045 ,Burnside Dairy Inc ,02 ,10,31399 ,Buffalo ,WC ,"W1984 Cty Rd K, Durand, WI 54726  ",W1984 Cty Rd K, Durand,54726,Current ,10/1/2010,2010,10/1/2010 ,10/1/2010,9/30/2015 ,Dairy ,small_red,"1,630",2/4/2008 ,0,,,   ,,,,
0061824 ,Burr Oak Heifers LLC ,02 ,10,17359 ,Adams ,WC ,"P.O. Box 122, Coloma, WI 54930  ",P.O. Box 122, Coloma,54930,Expired ,4/1/2007,2007,4/1/2007 ,4/1/2007,3/31/2012 ,Dairy ,small_red,"5,200",1/1/2002 ,0,,,   ,,,,
0062120 ,"CHIPPEWA VIEW FARMS, LLC ",02 ,10,20967 ,Sawyer ,NO ,"2920 N. Swede Rd. , Radisson, WI 54867  ",2920 N. Swede Rd. , Radisson,54867,Expired ,12/20/2007,2007,1/1/2008 ,1/1/2008,12/31/2012 ,Dairy ,small_red,"1,050",7/12/2007 ,"1,428",12/31/2008 ,,   ,,,,
0062243 ,Calla Ville Dairy LLC ,02 ,10,21913 ,Clark ,WC ,"W4733 Cty Hwy C, Neillsville, WI 54456  ",W4733 Cty Hwy C, Neillsville,54456,Current ,1/18/2012,2012,3/1/2012 ,3/1/2012,2/28/2017 ,Dairy ,small_red,"1,297",1/7/2010 ,"1,334",11/22/2011 ,,   ,,,,
0063533 ,Central Sands Dairy LLC ,02 ,10,34971 ,Juneau ,WC ,"N15927 CTY G, Nekoosa, WI 54457  ",N15927 CTY G, Nekoosa,54457,Current ,1/1/2012,2012,1/1/2012 ,1/1/2012,12/31/2016 ,Dairy ,small_red,"5,241",5/10/2006 ,0,,,   ,,,,
0062774 ,Chapman Brothers Farms ,02 ,10,28479 ,Monroe ,WC ,"20076 Flatiron Ave, Tomah, WI 54660  ",20076 Flatiron Ave, Tomah,54660,Current ,10/1/2010,2010,10/1/2010 ,10/1/2010,9/30/2015 ,Dairy ,small_red,"1,047",2/4/2008 ,0,,,   ,,,,
0059021 ,Cottonwood Dairy L L C ,02 ,10,11788 ,Lafayette ,SC ,"9600 Hwy D, South Wayne, WI 53587  ",9600 Hwy D, South Wayne,53587,Expired ,6/1/2006,2006,6/1/2006 ,6/1/2006,3/31/2011 ,Dairy ,small_red,"1,840",11/9/2005 ,"1,840",,2 ,5  E ,19 ,NE ,SW ,
0063789 ,Deer Run Dairy LLC ,02 ,10,37747 ,Kewaunee ,NE ,"N1215 Sleepy Hollow Rd, Kewaunee, WI 54216  ",N1215 Sleepy Hollow Rd, Kewaunee,54216,Current ,6/26/2013,2013,7/1/2013 ,7/1/2013,6/30/2018 ,Dairy ,small_red,"1,737",2/6/2013 ,"4,627",9/1/2016 ,,   ,,,,
0059277 ,Dietsche Dairy LLC ,02 ,10,15053 ,Clark ,WC ,"8278 N Cnty Road Y, Spencer, WI 54479  ",8278 N Cnty Road Y, Spencer,54479,Expired ,12/20/2006,2006,1/1/2007 ,1/1/2007,12/31/2011 ,Dairy ,small_red,"2,402",9/28/2006 ,0,,,   ,,,,
0062031 ,"Double P Dairy, LLC ",02 ,10,19419 ,Marathon ,WC ,"487 County Road A, Marathon, WI 54448  ",487 County Road A, Marathon,54448,Expired ,4/1/2007,2007,4/1/2007 ,4/1/2007,3/31/2012 ,Dairy ,small_red,"1,945",8/25/2010 ,"1,945",8/25/2010 ,,   ,,,,
0063827 ,Drake Dairy Inc ,02 ,10,38096 ,Sheboygan ,SE ,"N8870 Drake Court, Elkhart Lake, WI 53020  ",N8870 Drake Court, Elkhart Lake,53020,Current ,4/8/2013,2013,4/1/2013 ,4/1/2013,3/31/2018 ,Dairy ,small_red,"1,908",2/14/2013 ,"3,212",,,   ,,,,
0063061 ,El-Na Farms LLC ,02 ,10,31548 ,Kewaunee ,NE ,"E4029 Pheasant Rd, Algoma, WI 54201  ",E4029 Pheasant Rd, Algoma,54201,Current ,7/25/2011,2011,8/1/2011 ,8/1/2011,7/31/2016 ,Dairy ,small_red,"2,240",1/4/2010 ,"3,888",6/1/2015 ,,   ,,,,
0062022 ,Elusive Hill Dairy LLC ,02 ,10,19420 ,Clark ,WC ,"N7543 Meridian Ave, Spencer, WI 54479  ",N7543 Meridian Ave, Spencer,54479,Expired ,4/1/2007,2007,4/1/2007 ,4/1/2007,3/31/2012 ,Dairy ,small_red,"1,405",1/8/2007 ,0,,,   ,,,,
0063321 ,Four Mile Creek Dairy LLC ,02 ,10,33398 ,Barron ,NO ,"336 Gerland Rd, Rice Lake, WI 54868  ",336 Gerland Rd, Rice Lake,54868,Current ,7/21/2010,2010,8/1/2010 ,8/1/2010,6/30/2015 ,Dairy ,small_red,"1,164",1/6/2006 ,"2,046",4/30/2011 ,,   ,,,,
0062359 ,Gordondale Farms ,02 ,10,23548 ,Portage ,WC ,"2823 Hwy 161, Nelsonville, WI 54458  ",2823 Hwy 161, Nelsonville,54458,Current ,8/13/2012,2012,9/1/2012 ,9/1/2012,8/31/2017 ,Dairy ,small_red,"3,024",2/28/2012 ,0,,,   ,,,,
0057479 ,HIDDEN VALLEY FARMS INC ,02 ,10,5118 ,Lafayette ,SC ,"22322 Burr Oak Rd, MINERAL POINT, WI 53565 ",22322 Burr Oak Rd, MINERAL POINT,53565,Current ,11/1/2010,2010,11/1/2010 ,11/1/2010,9/30/2015 ,Dairy ,small_red,"2,360",1/2/2010 ,"3,750",7/1/2010 ,4 ,2  E ,33 ,NE ,,
0062898 ,HV Dairy LLC ,02 ,10,29864 ,Trempealeau ,WC ,"W14482 Cty Rd EE, Osseo, WI 54758  ",W14482 Cty Rd EE, Osseo,54758,Current ,1/1/2010,2010,1/1/2010 ,1/1/2010,12/31/2014 ,Dairy ,small_red,980,6/1/2004 ,"1,040",1/1/2005 ,,   ,,,,
0063711 ,Junction View Dairy LLC ,02 ,10,37353 ,Richland ,SC ,"29404 Cty Hwy OO, Richland Center, WI 53581  ",29404 Cty Hwy OO, Richland Center,53581,Current ,6/26/2013,2013,7/1/2013 ,7/1/2013,6/30/2018 ,Dairy ,small_red,"1,932",7/5/2012 ,0,,,   ,,,,
0062391 ,Kingdom Haven Farm Inc ,02 ,10,23552 ,Marathon ,WC ,"5117 County Highway N, Edgar, WI 54426  ",5117 County Highway N, Edgar,54426,Current ,8/15/2011,2011,9/1/2011 ,9/1/2011,8/31/2016 ,Dairy ,small_red,"3,000",1/27/2010 ,"3,000",1/27/2010 ,,   ,,,,
0062804 ,Kutz Dairy ,02 ,10,28700 ,Jefferson ,SC ,"N3612 Will Road, Jefferson, WI 53549  ",N3612 Will Road, Jefferson,53549,Current ,6/25/2010,2010,8/1/2010 ,8/1/2010,7/31/2015 ,Dairy ,small_red,"2,324",5/29/2009 ,"4,160",12/1/2010 ,,   ,,,,
0059412 ,Larson Acres Inc ,02 ,10,14140 ,Rock ,SC ,"18218 W State Rd 59, Evansville, WI 53536  ",18218 W State Rd 59, Evansville,53536,Current ,3/31/2010,2010,4/1/2010 ,4/1/2010,3/31/2015 ,Dairy ,small_red,"2,920",1/6/2010 ,"5,580",4/1/2010 ,,   ,,,,
0063029 ,Legacy Farms LLC ,02 ,10,31146 ,Washburn ,NO ,"W8659 Woodyard Road, Shell Lake, WI 54871  ",W8659 Woodyard Road, Shell Lake,54871,Current ,11/30/2010,2010,1/1/2011 ,1/1/2011,12/31/2015 ,Dairy ,small_red,"1,279",6/10/2010 ,0,,,   ,,,,
0062880 ,"MDS Dairy, Inc. ",02 ,10,25279 ,Monroe ,WC ,"1126 Front St, Cashton, WI 54619  ",1126 Front St, Cashton,54619,Current ,1/1/2011,2011,1/1/2011 ,1/1/2011,12/31/2015 ,Dairy ,small_red,"1,845",2/4/2008 ,0,,,   ,,,,
0062456 ,Majestic View Dairy LLC ,02 ,10,13505 ,Grant ,SC ,"5532 Commercial Rd, Lancaster, WI 53813  ",5532 Commercial Rd, Lancaster,53813,Expired ,11/4/2008,2008,11/1/2008 ,11/1/2008,9/30/2013 ,Dairy ,small_red,"2,038",4/9/2008 ,0,,,   ,,,,
0061832 ,Maple Ridge Dairy ,02 ,10,17361 ,Marathon ,WC ,"EP 4271 March Rapids Ave, Stratford, WI 54484  ",EP 4271 March Rapids Ave, Stratford,54484,Expired ,7/1/2006,2006,7/1/2006 ,7/1/2006,6/30/2011 ,Dairy ,small_red,"1,472",5/5/2006 ,0,,,   ,,,,
0062944 ,Mlsna East Town Dairy LLC ,02 ,10,30203 ,Monroe ,WC ,"9785 Ogder Ave, Cashton, WI 54619  ",9785 Ogder Ave, Cashton,54619,Current ,8/1/2012,2012,8/1/2012 ,8/1/2012,7/31/2017 ,Dairy ,small_red,"1,273",2/4/2008 ,0,,,   ,,,,
0062162 ,Mueller Dairy Farm LLC ,02 ,10,21643 ,Brown ,NE ,"2375 Day St, Greenleaf, WI 54126  ",2375 Day St, Greenleaf,54126,Current ,4/29/2009,2009,5/1/2009 ,5/1/2009,4/30/2014 ,Dairy ,small_red,"1,682",11/2/2005 ,"1,665",,,   ,,,,
0062740 ,Murph-Ko Farms INC ,02 ,10,26937 ,Fond Du Lac ,NE ,"N4017 Hwy K, Fond du Lac, WI 549358535 ",N4017 Hwy K, Fond du Lac,54935,Current ,1/27/2011,2011,2/1/2011 ,2/1/2011,1/31/2016 ,Dairy ,small_red,"2,335",12/17/2010 ,"2,794",1/1/2014 ,,   ,,,,
0062618 ,Neighborhood Dairy LLC ,02 ,10,25267 ,Outagamie ,NE ,"W926 Van Asten Rd, Kaukauna, WI 54130  ",W926 Van Asten Rd, Kaukauna,54130,Current ,4/28/2010,2010,5/1/2010 ,5/1/2010,4/30/2015 ,Dairy ,small_red,"1,685",2/1/2013 ,0,,,   ,,,,
0063428 ,New Horizons Dairy LLC ,02 ,10,34200 ,Brown ,NE ,"4240 Rosin Rd, De Pere, WI 54115  ",4240 Rosin Rd, De Pere,54115,Current ,12/16/2011,2011,1/1/2012 ,1/1/2012,12/31/2016 ,Dairy ,small_red,"1,422",11/3/2011 ,"1,678",11/3/2011 ,,   ,,,,
0062600 ,Opitz Dairy Farm ,02 ,10,25225 ,Ozaukee ,SE ,"2314 Shady Lane Rd, Saukville, WI 53080  ",2314 Shady Lane Rd, Saukville,53080,Expired ,12/1/2008,2008,12/1/2008 ,12/1/2008,9/30/2013 ,Dairy ,small_red,"1,712",8/27/2008 ,0,,,   ,,,,
0062367 ,Ostrowski Farm ,02 ,10,23549 ,Marathon ,WC ,"2171 Cherry Dr, Eland, WI 54427  ",2171 Cherry Dr, Eland,54427,Current ,7/29/2009,2009,8/1/2009 ,8/1/2009,7/31/2014 ,Dairy ,small_red,"1,904",4/10/2008 ,"2,523",4/1/2010 ,,   ,,,,
0063118 ,Plainview Stock Farm Inc ,02 ,10,31967 ,Green ,SC ,"N5875 Hwy E, Albany, WI 53502  ",N5875 Hwy E, Albany,53502,Current ,7/31/2013,2013,8/1/2013 ,8/1/2013,6/30/2018 ,Dairy ,small_red,"1,600",6/4/2013 ,0,,,   ,,,,
0062341 ,"Pond Hill Dairy Farm, Limited Partnership ",02 ,10,23547 ,Jefferson ,SC ,"W6770 Pond Rd, Fort Atkinson, WI 53538  ",W6770 Pond Rd, Fort Atkinson,53538,Expired ,1/8/2008,2008,2/1/2008 ,2/1/2008,1/31/2013 ,Dairy ,small_red,"1,513",10/31/2007 ,"1,668",,,   ,,,,
0063576 ,Pride View Dairy LLC ,02 ,10,35351 ,Green Lake ,NE ,"W2470 Cty Rd AW, Randolph, WI 53965  ",W2470 Cty Rd AW, Randolph,53965,Current ,1/31/2012,2012,2/1/2012 ,2/1/2012,1/31/2017 ,Dairy ,small_red,"1,392",3/7/2013 ,0,,,   ,,,,
0062472 ,Quantum Dairy LLC ,02 ,10,23883 ,Waupaca ,NE ,"N1602 Buchholtz Rd, Weyauwega, WI 54983  ",N1602 Buchholtz Rd, Weyauwega,54983,Current ,4/26/2010,2010,5/1/2010 ,5/1/2010,4/30/2015 ,Dairy ,small_red,"3,273",2/18/2013 ,0,,,   ,,,,
0063568 ,Quonset Farms LLP ,02 ,10,35019 ,Sheboygan ,SE ,"W3018 Wilson Lima Road , Oostburg, WI 53070  ",W3018 Wilson Lima Road , Oostburg,53070,Current ,2/1/2012,2012,2/1/2012 ,2/1/2012,12/31/2016 ,Dairy ,small_red,"1,241",12/7/2011 ,0,,,   ,,,,
0062405 ,Rausch Family Dairy ,02 ,10,23553 ,Marathon ,WC ,"920 E Townline Rd, Athens, WI 54411  ",920 E Townline Rd, Athens,54411,Current ,7/1/2009,2009,7/1/2009 ,7/1/2009,6/30/2014 ,Dairy ,small_red,"1,083",9/18/2008 ,0,,,   ,,,,
0062979 ,Redtail Ridge Dairy ,02 ,10,30650 ,Fond Du Lac ,NE ,"W3367 Ledge Rd, Malone, WI 53049  ",W3367 Ledge Rd, Malone,53049,Current ,8/24/2010,2010,9/1/2010 ,9/1/2010,8/31/2015 ,Dairy ,small_red,"2,000",7/9/2010 ,"2,515",1/1/2012 ,,   ,,,,
0062529 ,Ripps Dairy Valley LLC ,02 ,10,24241 ,Dane ,SC ,"6626 Ripp Dr, Dane, WI 53529  ",6626 Ripp Dr, Dane,53529,Current ,6/26/2009,2009,7/1/2009 ,7/1/2009,6/30/2014 ,Dairy ,small_red,"1,486",4/7/2009 ,0,,,   ,,,,
0062707 ,Rolling Hills Dairy Farm ,02 ,10,25828 ,Kewaunee ,NE ,"N3265 County Rd AB, Luxemburg, WI 54217  ",N3265 County Rd AB, Luxemburg,54217,Current ,2/28/2012,2012,3/1/2012 ,3/1/2012,2/28/2017 ,Dairy ,small_red,"2,548",1/31/2013 ,0,,,   ,,,,
0063959 ,Rosendale Dairy LLC ,02 ,10,39790 ,Fond Du Lac ,NE ,"N8997 County Road M, Pickett, WI 54964  ",N8997 County Road M, Pickett,54964,Current ,10/30/2013,2013,11/1/2013 ,11/1/2013,10/31/2018 ,Dairy ,small_red,"13,012",2/4/2013 ,0,,,   ,,,,
0062863 ,S & S Ag Enterprises LLC ,02 ,10,29256 ,Door ,NE ,"7900 Old Elm Rd, Sturgeon Bay, WI 54235  ",7900 Old Elm Rd, Sturgeon Bay,54235,Current ,10/25/2011,2011,11/1/2011 ,11/1/2011,10/31/2016 ,Dairy ,small_red,"3,429",9/29/2009 ,644,11/1/2011 ,,   ,,,,
0062995 ,SUGAR-BOL FARMS ,02 ,10,30794 ,Barron ,NO ,"852 30th St, Chetek, WI 54728  ",852 30th St, Chetek,54728,Current ,6/2/2010,2010,7/1/2010 ,7/1/2010,6/30/2015 ,Dairy ,small_red,"3,450",9/21/2009 ,0,1/1/2014 ,,   ,,,,
0062987 ,Second Look Holsteins LLC ,02 ,10,30652 ,Fond Du Lac ,NE ,"N3832 Hwy W, Eden, WI 53019  ",N3832 Hwy W, Eden,53019,Current ,1/27/2011,2011,2/1/2011 ,2/1/2011,1/31/2016 ,Dairy ,small_red,"1,413",12/13/2010 ,"1,842",12/1/2012 ,,   ,,,,
0063665 ,Seidl's Mountain View Dairy LLC ,02 ,10,36343 ,Kewaunee ,NE ,"E745 Luxemburg Rd, Luxemburg, WI 54217  ",E745 Luxemburg Rd, Luxemburg,54217,Current ,9/13/2012,2012,10/1/2012 ,10/1/2012,9/30/2017 ,Dairy ,small_red,"1,617",4/11/2012 ,0,,,   ,,,,
0062693 ,Shiloh Dairy LLC ,02 ,10,25481 ,Calumet ,NE ,"N8681 Bastian Rd, Brillion, WI 54110  ",N8681 Bastian Rd, Brillion,54110,Current ,3/23/2010,2010,4/1/2010 ,4/1/2010,3/31/2015 ,Dairy ,small_red,"4,222",2/13/2013 ,"4,505",9/1/2011 ,,   ,,,,
0063096 ,Soaring Eagle Dairy ,02 ,10,31891 ,Manitowoc ,NE ,"10219 County Road F, Newton, WI 53063  ",10219 County Road F, Newton,53063,Current ,9/27/2010,2010,10/1/2010 ,10/1/2010,9/30/2015 ,Dairy ,small_red,"1,631",4/26/2010 ,0,,,   ,,,,
0062928 ,Son Bow Farms Inc ,02 ,10,29902 ,Pierce ,WC ,"W2686 390th Ave, Maiden Rock, WI 54750  ",W2686 390th Ave, Maiden Rock,54750,Current ,1/1/2010,2010,1/1/2010 ,1/1/2010,12/31/2014 ,Dairy ,small_red,866,7/1/2004 ,"1,850",7/1/2007 ,,   ,,,,
0059111 ,Spring Grove Dairy ,02 ,10,12113 ,Green ,SC ,"N1930 County Road G, Brodhead, WI 53520  ",N1930 County Road G, Brodhead,53520,Expired ,3/31/2006,2006,4/1/2006 ,4/1/2006,3/31/2011 ,Dairy ,small_red,"2,232",11/9/2005 ,"2,232",,1 ,9  E ,10 ,NW ,,
0062332 ,Stahl Farms ,02 ,10,23189 ,Kewaunee ,NE ,"E389 Luxemburg Rd, Luxemburg, WI 54217  ",E389 Luxemburg Rd, Luxemburg,54217,Current ,10/3/2011,2011,11/1/2011 ,11/1/2011,10/31/2016 ,Dairy ,small_red,"1,350",3/27/2013 ,"2,006",9/30/2015 ,,   ,,,,
0063967 ,Strassburg Creek Dairy ,02 ,10,39993 ,Shawano ,NE ,"N7339 Regina Road, Wittenberg, WI 54499  ",N7339 Regina Road, Wittenberg,54499,Current ,10/28/2013,2013,11/1/2013 ,11/1/2013,10/31/2018 ,Dairy ,small_red,"1,450",4/22/2013 ,0,,,   ,,,,
0059447 ,Sunrise Dairy LLC ,02 ,10,14352 ,Oconto ,NE ,"13674 County Rd M, Suring , WI 54174  ",13674 County Rd M, Suring ,54174,Current ,10/29/2009,2009,11/1/2009 ,11/1/2009,10/31/2014 ,Dairy ,small_red,"2,391",2/6/2013 ,"4,290",6/1/2010 ,29 ,17  E ,10 ,NW ,,
0062111 ,TRI STAR DAIRY Inc ,02 ,10,20801 ,Wood ,WC ,"6000 Elm Rd, Auburndale, WI 54412  ",6000 Elm Rd, Auburndale,54412,Expired ,7/1/2007,2007,7/1/2007 ,7/1/2007,6/30/2012 ,Dairy ,small_red,"1,476",7/1/2007 ,0,,,   ,,,,
0062758 ,Thistle Dairy LLC ,02 ,10,26939 ,Winnebago ,NE ,"3006 Lone Elm Rd, Van Dyne, WI 54979  ",3006 Lone Elm Rd, Van Dyne,54979,Current ,9/24/2010,2010,10/1/2010 ,10/1/2010,9/30/2015 ,Dairy ,small_red,"2,543",3/8/2013 ,"3,230",7/1/2011 ,,   ,,,,
0063223 ,Van De Walle Farms LLC ,02 ,10,32863 ,Marinette ,NE ,"W8303 22nd Rd, Crivitz, WI 54114  ",W8303 22nd Rd, Crivitz,54114,Current ,5/13/2011,2011,6/1/2011 ,6/1/2011,5/31/2016 ,Dairy ,small_red,"1,428",12/1/2010 ,"1,690",8/31/2011 ,,   ,,,,
0062651 ,Vir-Clar Farms LLC ,02 ,10,25281 ,Fond Du Lac ,NE ,"N5119 County Rd K, Fond du Lac, WI 54935  ",N5119 County Rd K, Fond du Lac,54935,Current ,11/22/2010,2010,12/1/2010 ,12/1/2010,11/30/2015 ,Dairy ,small_red,"2,075",10/12/2010 ,"2,999",5/1/2012 ,,   ,,,,
0063673 ,Wakker Dairy Farm Inc. ,02 ,10,36484 ,Kewaunee ,NE ,"N2348 Hwy 42, Kewaunee, WI 54216  ",N2348 Hwy 42, Kewaunee,54216,Current ,12/10/2012,2012,12/1/2012 ,12/1/2012,11/30/2017 ,Dairy ,small_red,"2,574",3/4/2013 ,"4,612",5/1/2014 ,,   ,,,,
0061948 ,Wayside Dairy LLC ,02 ,10,18599 ,Brown ,NE ,"3603 Wayside Rd, Greenleaf, WI 54126  ",3603 Wayside Rd, Greenleaf,54126,Current ,9/25/2009,2009,10/1/2009 ,10/1/2009,9/30/2014 ,Dairy ,small_red,"3,160",2/22/2013 ,"2,982",8/1/2010 ,,   ,,,,
0062910 ,"Weiss Family Farms, Inc. ",02 ,10,29900 ,Pepin ,WC ,"W4230 Cty Rd R, Durand, WI 54736  ",W4230 Cty Rd R, Durand,54736,Current ,4/1/2010,2010,4/1/2010 ,4/1/2010,3/31/2015 ,Dairy ,small_red,"1,702",2/4/2008 ,0,,,   ,,,,
0061808 ,Wolfgang Dairy LLC ,02 ,10,17165 ,Manitowoc ,NE ,"11812 Palm Grove Rd, Reedsville, WI 542309410 ",11812 Palm Grove Rd, Reedsville,54230,Expired ,10/17/2006,2006,11/1/2006 ,11/1/2006,10/30/2011 ,Dairy ,small_red,"1,004",1/30/2009 ,0,,,   ,,,,
0059382 ,Abel Dairy Farms LLC ,03 ,15,14142 ,Fond Du Lac ,NE ,"W4050 Cty Rd UU, Eden, WI 53019  ",W4050 Cty Rd UU, Eden,53019,Current ,8/25/2010,2010,9/1/2010 ,9/1/2010,8/31/2015 ,Dairy ,small_red,"2,074",7/13/2010 ,"3,289",1/1/2011 ,14 ,18  E ,9 ,NW ,NW ,
0061794 ,B & D Dairy / Brian Lepianka ,03 ,15,17164 ,Marinette ,NE ,"4304 N 5th Road, Pound, WI 54161  ",4304 N 5th Road, Pound,54161,Current ,9/19/2011,2011,10/1/2011 ,10/1/2011,9/30/2016 ,Dairy ,small_red,"3,510",12/1/2010 ,"9,705",4/1/2013 ,,   ,,,,
0059102 ,Baldwin Dairy LLC ,03 ,15,12114 ,St. Croix ,WC ,"2036 Co Rd E, Baldwin, WI 54002  ",2036 Co Rd E, Baldwin,54002,Current ,1/1/2010,2010,1/1/2010 ,1/1/2010,12/31/2014 ,Dairy ,small_red,"1,050",12/16/2004 ,"1,050",,29 ,17  W ,12 ,SW ,SE ,SE 
0062270 ,Blue Star Dairy Arlington ,03 ,15,24731 ,Columbia ,SC ,"7502 Patton Rd, DeForest, WI 53532  ",7502 Patton Rd, DeForest,53532,Current ,12/26/2013,2013,1/1/2014 ,1/1/2014,12/31/2018 ,Dairy ,small_red,"1,699",4/2/2013 ,"2,145",1/1/2014 ,,   ,,,,
0061697 ,Calfsource LLC ,03 ,15,16809 ,Brown ,NE ,"3586 Cooperstown Rd, De Pere, WI 54115  ",3586 Cooperstown Rd, De Pere,54115,Current ,9/7/2011,2011,10/1/2011 ,10/1/2011,9/30/2016 ,Dairy ,small_red,"1,800",2/4/2013 ,"3,000",7/1/2013 ,,   ,,,,
0061689 ,Clover Hill Dairy ,03 ,15,16778 ,Fond Du Lac ,NE ,"W4306 Cloverland Dr, Campbellsport, WI 53010  ",W4306 Cloverland Dr, Campbellsport,53010,Current ,5/23/2011,2011,6/1/2011 ,6/1/2011,5/31/2016 ,Dairy ,small_red,"2,982",4/6/2011 ,"2,894",1/1/2013 ,13 ,18  E ,29 ,SW ,NE ,
0059200 ,Country Aire Farms LLC ,03 ,15,14145 ,Brown ,NE ,"1440 Lamers Clancy Rd, Greenleaf, WI 54126  ",1440 Lamers Clancy Rd, Greenleaf,54126,Current ,9/24/2009,2009,10/1/2009 ,10/1/2009,9/30/2014 ,Dairy ,small_red,"4,010",2/8/2013 ,"4,310",,,   ,,,,
0059226 ,Cross Farms LLC ,03 ,15,12966 ,Winnebago ,NE ,"7022 Cross Rd, Winneconne, WI 54986  ",7022 Cross Rd, Winneconne,54986,Current ,5/24/2010,2010,6/1/2010 ,6/1/2010,5/31/2015 ,Dairy ,small_red,"2,193",3/4/2013 ,0,,,   ,,,,
0061981 ,"DIC-WISCO Farm, Inc. ",03 ,15,18979 ,Clark ,WC ,"N16743 Badger Ave, Dorchester, WI 54425  ",N16743 Badger Ave, Dorchester,54425,Current ,10/30/2013,2013,11/1/2013 ,11/1/2013,9/30/2018 ,Dairy ,small_red,"1,828",8/20/2013 ,0,,,   ,,,,
0059579 ,Da-Ran Dairy LLC ,03 ,15,14768 ,Kewaunee ,NE ,"5232 BK line Rd, Luxemburg, WI 54217  ",5232 BK line Rd, Luxemburg,54217,Current ,10/12/2010,2010,11/1/2010 ,11/1/2010,10/31/2015 ,Dairy ,small_red,"2,503",2/6/2013 ,"2,907",1/31/2015 ,,   ,,,,
0062057 ,Dairy Dreams LLC ,03 ,15,20199 ,Kewaunee ,NE ,"E3576 Cardinal Rd, Casco, WI 54205  ",E3576 Cardinal Rd, Casco,54205,Current ,4/3/2012,2012,5/1/2012 ,5/1/2012,4/30/2017 ,Dairy ,small_red,"4,582",3/15/2013 ,"4,354",8/1/2012 ,,   ,,,,
0059552 ,Dairyland Farm LLC ,03 ,15,14767 ,Brown ,NE ,"5424 Gauthier Road, New Franken, WI 54229  ",5424 Gauthier Road, New Franken,54229,Current ,6/29/2010,2010,7/1/2010 ,7/1/2010,6/30/2015 ,Dairy ,small_red,"4,719",2/6/2013 ,"6,925",4/1/2010 ,,   ,,,,
0059439 ,Darlington Ridge Farms LLC ,03 ,15,14139 ,Lafayette ,SC ,"24425 St Peters Rd, Darlington, WI 53530  ",24425 St Peters Rd, Darlington,53530,Current ,12/28/2010,2010,1/1/2011 ,1/1/2011,12/31/2015 ,Dairy ,small_red,"2,159",6/12/2008 ,"4,178",1/6/2011 ,,   ,,,,
0061760 ,Double S Dairy ,03 ,15,17074 ,Fond Du Lac ,NE ,"N3447 Marshview Rd, Markesan, WI 53946  ",N3447 Marshview Rd, Markesan,53946,Current ,10/27/2011,2011,11/1/2011 ,11/1/2011,10/31/2016 ,Dairy ,small_red,"1,778",3/7/2013 ,0,,14 ,14  E ,20 ,NW ,,
0062235 ,Ebert Dairy Enterprises LLC ,03 ,15,21912 ,Kewaunee ,NE ,"N6939 Cty Hwy D, Algoma, WI 54201  ",N6939 Cty Hwy D, Algoma,54201,Current ,1/8/2014,2014,2/1/2014 ,2/1/2014,12/31/2018 ,Dairy ,small_red,"6,442",12/19/2012 ,"8,642",12/19/2012 ,,   ,,,,
0059315 ,Emerald Dairy LLC ,03 ,15,14136 ,St. Croix ,WC ,"987 200th St, Baldwin, WI 54002  ",987 200th St, Baldwin,54002,Current ,1/1/2010,2010,1/1/2010 ,1/1/2010,12/31/2014 ,Dairy ,small_red,"1,680",1/1/2002 ,"3,200",,,   ,,,,
0061395 ,Five Star Dairy LLC ,03 ,15,15647 ,Dunn ,WC ,"E9817 590th Ave, Elk Mound, WI 54739  ",E9817 590th Ave, Elk Mound,54739,Current ,7/1/2009,2009,7/1/2009 ,7/1/2009,6/30/2014 ,Dairy ,small_red,"1,103",,"1,103",,,   ,,,,
0059218 ,Friendship Valley Dairy LLC ,03 ,15,14144 ,Waupaca ,NE ,"E8698 Reinke Rd, Clintonville, WI 54929  ",E8698 Reinke Rd, Clintonville,54929,Current ,1/20/2011,2011,2/1/2011 ,2/1/2011,1/31/2016 ,Dairy ,small_red,"3,125",2/4/2013 ,0,,,   ,,,,
0061492 ,Green Valley Dairy LLC ,03 ,15,15244 ,Shawano ,NE ,"N5365 Hintz Rd., Krakow, WI 54137  ",N5365 Hintz Rd., Krakow,54137,Current ,10/13/2010,2010,11/1/2010 ,11/1/2010,10/31/2015 ,Dairy ,small_red,"4,859",2/9/2009 ,"5,650",11/1/2012 ,,   ,,,,
0059242 ,Hamlin Valley Farms Inc  ,03 ,15,12964 ,Trempealeau ,WC ,"N49128 Cty Rd V, Strum, WI 54770  ",N49128 Cty Rd V, Strum,54770,Current ,4/1/2010,2010,4/1/2010 ,4/1/2010,3/31/2015 ,Dairy ,small_red,"1,977",10/1/2004 ,"2,195",5/1/2005 ,,   ,,,,
0061841 ,Heeg Brothers Dairy LLC ,03 ,15,17362 ,Marathon ,WC ,"F2181 County Rd N, Colby, WI 54421  ",F2181 County Rd N, Colby,54421,Current ,10/1/2012,2012,10/1/2012 ,10/1/2012,9/30/2017 ,Dairy ,small_red,"1,325",9/1/2007 ,"1,325",10/1/2009 ,,   ,,,,
0061671 ,Heller Farm Inc ,03 ,15,16677 ,Jackson ,WC ,"W12465 SR 95, Alma Center, WI 54611  ",W12465 SR 95, Alma Center,54611,Current ,1/1/2011,2011,1/1/2011 ,1/1/2011,12/31/2015 ,Dairy ,small_red,"1,013",1/1/2002 ,"1,668",,,   ,,,,
0061620 ,Holsum Dairies LLC ,03 ,15,16454 ,Calumet ,NE ,"N5701 Irish Rd, Hilbert, WI 54129  ",N5701 Irish Rd, Hilbert,54129,Current ,1/23/2012,2012,3/1/2012 ,3/1/2012,2/28/2017 ,Dairy ,small_red,"11,375",2/25/2011 ,0,,,   ,,,,
0049492 ,"KNUT SONS, INC. ",03 ,15,15682 ,Barron ,NO ,"95 13-1/4 13-1/2 St, Ridgeland, WI 54763  ",95 13-1/4 13-1/2 St, Ridgeland,54763,Current ,9/27/2010,2010,10/1/2010 ,10/1/2010,9/30/2015 ,Dairy ,small_red,"1,061",8/12/2010 ,"1,395",1/1/2012 ,,   ,,,,
0059536 ,Kinnard Farms Inc ,03 ,15,15051 ,Kewaunee ,NE ,"E2675 County Hwy S, Casco, WI 54205  ",E2675 County Hwy S, Casco,54205,Current ,8/16/2012,2012,9/1/2012 ,9/1/2012,8/31/2017 ,Dairy ,small_red,"4,764",3/22/2012 ,"8,710",2/1/2013 ,,   ,,,,
0058602 ,Maple Leaf Dairy Inc ,03 ,15,10653 ,Manitowoc ,NE ,"6832 Cty X, Cleveland, WI 53015 ",6832 Cty X, Cleveland,53015,Current ,7/5/2012,2012,7/1/2012 ,7/1/2012,6/30/2017 ,Dairy ,small_red,"8,413",4/23/2012 ,0,,17 ,23  E ,9 ,SE ,,
0059544 ,Matsche Farm Inc ,03 ,15,15050 ,Shawano ,NE ,"N9035 River Rd, Birnamwood, WI 54414  ",N9035 River Rd, Birnamwood,54414,Current ,6/20/2011,2011,7/1/2011 ,7/1/2011,6/30/2016 ,Dairy ,small_red,"3,840",2/4/2013 ,0,,,   ,,,,
0061905 ,Meadowlark Dairy LLC ,03 ,15,18109 ,Brown ,NE ,"1074 Meadowlark Rd, De Pere, WI 54115  ",1074 Meadowlark Rd, De Pere,54115,Current ,3/5/2012,2012,4/1/2012 ,4/1/2012,3/31/2017 ,Dairy ,small_red,"2,554",2/1/2013 ,"3,351",4/1/2012 ,,   ,,,,
0061883 ,Merry Water Farms Inc ,03 ,15,17900 ,Walworth ,SE ,"Po Box 1355, Lake Geneva, WI 53147  ",Po Box 1355, Lake Geneva,53147,Current ,5/29/2013,2013,6/1/2013 ,6/1/2013,3/31/2018 ,Dairy ,small_red,"2,462",4/3/2013 ,"2,708",,,   ,,,,
0061638 ,Miltrim Farms Inc ,03 ,15,16432 ,Marathon ,WC ,"1715 W Townline Rd, Athens, WI 54411  ",1715 W Townline Rd, Athens,54411,Current ,8/1/2012,2012,8/1/2012 ,8/1/2012,7/31/2017 ,Dairy ,small_red,"2,530",12/31/2011 ,"3,020",10/1/2012 ,,   ,,,,
0059358 ,Minglewood Inc ,03 ,15,12961 ,Polk ,NO ,"60 105th St, Deer Park, WI 54007  ",60 105th St, Deer Park,54007,Current ,5/19/2009,2009,7/1/2009 ,7/1/2009,6/30/2014 ,Dairy ,small_red,"1,123",1/5/2009 ,0,,,   ,,,,
0059340 ,NORSWISS FARMS INC ,03 ,15,13993 ,Barron ,NO ,"1563 19th Ave, Rice Lake, WI 54868  ",1563 19th Ave, Rice Lake,54868,Expired ,5/13/2008,2008,7/1/2008 ,7/1/2008,6/30/2013 ,Dairy ,small_red,"1,791",2/18/2008 ,"4,950",5/1/2008 ,,   ,,,,
0059421 ,"Norm-E-Lane, Inc. ",03 ,15,14138 ,Clark ,WC ,"W136 Panther Creek Road, Chili, WI 54420  ",W136 Panther Creek Road, Chili,54420,Current ,12/13/2013,2013,1/1/2014 ,1/1/2014,12/31/2018 ,Dairy ,small_red,"3,415",7/19/2008 ,0,,,   ,,,,
0059561 ,Omro Dairy LLC ,03 ,15,14684 ,Winnebago ,NE ,"N3603 Vanden Bosch Road, Kaukauna, WI 54130  ",N3603 Vanden Bosch Road, Kaukauna,54130,Current ,9/24/2010,2010,10/1/2010 ,10/1/2010,9/30/2015 ,Dairy ,small_red,"3,834",2/1/2013 ,0,,,   ,,,,
0059374 ,Pagels Ponderosa Dairy ,03 ,15,14141 ,Kewaunee ,NE ,"N4893 Hwy C, Kewaunee, WI 54216  ",N4893 Hwy C, Kewaunee,54216,Current ,10/22/2010,2010,11/1/2010 ,11/1/2010,10/31/2015 ,Dairy ,small_red,"8,340",3/15/2013 ,0,7/23/2010 ,,   ,,,,
0058998 ,Rosenholm-Wolf Dairy ,03 ,15,11745 ,Buffalo ,WC ,"W849 County Rd U, Cochrane, WI 54622 ",W849 County Rd U, Cochrane,54622,Current ,10/1/2009,2009,10/1/2009 ,10/1/2009,9/30/2014 ,Dairy ,small_red,"1,280",4/1/2004 ,"1,280",,21 ,11  W ,2 ,NW ,,
0059528 ,Schmidts Ponderosa LLC ,03 ,15,15052 ,Shawano ,NE ,"W3773 Old Dump Road, Bonduel, WI 54107  ",W3773 Old Dump Road, Bonduel,54107,Current ,3/21/2011,2011,4/1/2011 ,4/1/2011,3/31/2016 ,Dairy ,small_red,"1,910",2/1/2013 ,0,,,   ,,,,
0059129 ,Schuh View Dairy LLC ,03 ,15,15106 ,Outagamie ,NE ,"W2540 CTH S, Kaukauna, WI 54130  ",W2540 CTH S, Kaukauna,54130,Current ,9/24/2010,2010,10/1/2010 ,10/1/2010,9/30/2015 ,Dairy ,small_red,"2,229",1/31/2009 ,0,,,   ,,,,
0061913 ,Slowey Farms LLC ,03 ,15,18110 ,Marquette ,NE ,"N5339 Cty A, Westfield, WI 53964  ",N5339 Cty A, Westfield,53964,Current ,3/13/2012,2012,4/1/2012 ,4/1/2012,3/31/2017 ,Dairy ,small_red,"2,071",2/4/2013 ,0,,,   ,,,,
0061999 ,Stahl Bros Dairy LLC ,03 ,15,19043 ,Kewaunee ,NE ,"N7518 Tonet Rd, Luxemburg, WI 54217  ",N7518 Tonet Rd, Luxemburg,54217,Current ,8/28/2012,2012,9/1/2012 ,9/1/2012,8/31/2017 ,Dairy ,small_red,"2,002",6/20/2012 ,"2,140",8/1/2012 ,,   ,,,,
0061778 ,Sugar Creek Farm LLC ,03 ,15,17075 ,Outagamie ,NE ,"N6848 County Rd D, New London, WI 54961  ",N6848 County Rd D, New London,54961,Current ,7/13/2011,2011,8/1/2011 ,8/1/2011,7/31/2016 ,Dairy ,small_red,"1,773",2/26/2011 ,"1,773",,23 ,15  E ,7 ,NE ,NE ,
0058971 ,Sunset Farms Inc ,03 ,15,11743 ,Washington ,SE ,"6600 Sunset Dr, Allenton, WI 53002 ",6600 Sunset Dr, Allenton,53002,Current ,6/22/2010,2010,7/1/2010 ,7/1/2010,6/30/2014 ,Dairy ,small_red,"1,817",5/12/2009 ,"2,291",,11 ,18  E ,17 ,SE ,,
0059391 ,Tauchen Harmony Valley Inc ,03 ,15,14143 ,Shawano ,NE ,"N3397 S Broadway Rd, Bonduel, WI 54107  ",N3397 S Broadway Rd, Bonduel,54107,Current ,3/23/2010,2010,4/1/2010 ,4/1/2010,3/31/2015 ,Dairy ,small_red,"1,604",3/15/2013 ,"2,470",6/1/2010 ,,   ,,,,
0058939 ,Ulrich Farms Inc ,03 ,15,11631 ,Polk ,NO ,"950 180th Street, Dresser, WI 54009  ",950 180th Street, Dresser,54009,Expired ,6/25/2008,2008,7/1/2008 ,7/1/2008,6/30/2013 ,Dairy ,small_red,"1,358",10/7/2007 ,0,,33 ,17  W ,18 ,SE ,,
0059293 ,Van Der Geest Dairy Cattle Inc ,03 ,15,12960 ,Marathon ,WC ,"5555 County Highway A, Merrill, WI 54452  ",5555 County Highway A, Merrill,54452,Current ,4/29/2011,2011,5/1/2011 ,5/1/2011,4/30/2016 ,Dairy ,small_red,"7,340",4/1/2011 ,0,,,   ,,,,
0061786 ,Vorpahl Farms Inc ,03 ,15,17116 ,Sheboygan ,SE ,"W4705 CountyRoad D, Random Lake, WI 530750354 ",W4705 CountyRoad D, Random Lake,53075,Current ,5/7/2013,2013,6/1/2013 ,6/1/2013,3/31/2018 ,Dairy ,small_red,"1,973",3/12/2013 ,"3,673",,,   ,,,,
0058751 ,Wagner Dairy Farm ,03 ,15,9721 ,Dane ,SC ,"7262 Schneider Rd, Middleton, WI 53562 ",7262 Schneider Rd, Middleton,53562,Current ,12/30/2013,2013,1/1/2014 ,1/1/2014,12/31/2018 ,Dairy ,small_red,"3,905",10/18/2013 ,"3,905",,,   ,,,,
0059056 ,Wiese Brothers Farms ,03 ,15,11961 ,Brown ,NE ,"7091 Old 57 Rd, Greenleaf, WI 54126  ",7091 Old 57 Rd, Greenleaf,54126,Current ,11/29/2010,2010,12/1/2010 ,12/1/2010,11/30/2015 ,Dairy ,small_red,"8,126",2/6/2013 ,0,,22 ,20  E ,17 ,,,
0059072 ,Wild Rose Dairy LLC ,03 ,15,11960 ,Vernon ,WC ,"E11310 Buckeye Ridge Road, La Farge, WI 54639  ",E11310 Buckeye Ridge Road, La Farge,54639,Current ,4/1/2010,2010,4/1/2010 ,4/1/2010,3/31/2015 ,Dairy ,small_red,"1,813",2/4/2008 ,0,,,   ,,,,
0061506 ,Zahns Farms LLC ,03 ,15,16003 ,Oconto ,NE ,"11620 Hwy H, Gillett, WI 54124  ",11620 Hwy H, Gillett,54124,Current ,5/29/2012,2012,6/1/2012 ,6/1/2012,5/31/2017 ,Dairy ,small_red,"4,789",2/8/2013 ,"10,730",1/1/2016 ,28 ,18  E ,8 ,SW ,SW ,
0058815 ,Blue Star Dairy Farms - DeForest ,04 ,20,10677 ,Dane ,SC ,"7502 Patton Rd, DeForest, WI 53532 ",7502 Patton Rd, DeForest,53532,Current ,5/29/2013,2013,6/1/2013 ,6/1/2013,3/31/2018 ,Dairy ,small_red,"2,680",7/2/2012 ,"2,974",4/1/2013 ,9 ,9  E ,10 ,SW ,,
0056847 ,Grotegut Dairy Farm Inc ,04 ,20,10203 ,Manitowoc ,NE ,"7427 Newton Rd, Newton, WI 53063 ",7427 Newton Rd, Newton,53063,Current ,4/1/2012,2012,4/1/2012 ,4/1/2012,3/31/2017 ,Dairy ,small_red,"5,015",10/7/2010 ,"4,540",9/30/2014 ,18 ,23  E ,33 ,,,
0058408 ,"Jon-De Farm, Inc. ",04 ,20,10651 ,St. Croix ,WC ,"2061 30th Avenue, Baldwin, WI 54002 ",2061 30th Avenue, Baldwin,54002,Current ,1/1/2012,2012,1/1/2012 ,1/1/2012,12/31/2016 ,Dairy ,small_red,"1,050",1/26/2001 ,"1,050",,28 ,17  W ,24 ,NW ,NE ,
0056812 ,NEHLS BROS FARMS LTD ,04 ,20,5029 ,Dodge ,SC ,"N5638 HWY DJ, JUNEAU, WI 53039 ",N5638 HWY DJ, JUNEAU,53039,Current ,8/16/2010,2010,10/1/2010 ,10/1/2010,9/30/2015 ,Dairy ,small_red,"4,267",5/24/2010 ,0,,11 ,15  E ,26 ,,,
0056791 ,STATZ BROTHERS INC ,04 ,20,7089 ,Dane ,SC ,"5707 County Rd VV, Marshall, WI 53559  ",5707 County Rd VV, Marshall,53559,Current ,10/29/2013,2013,11/1/2013 ,11/1/2013,9/30/2018 ,Dairy ,small_red,"6,083",2/1/2013 ,"8,161",1/1/2018 ,,   ,,,,
0058572 ,Siemers Holstein Farm Inc ,04 ,20,10654 ,Manitowoc ,NE ,"14421 Mineral Springs Rd, Newton, WI 53063  ",14421 Mineral Springs Rd, Newton,53063,Current ,11/7/2011,2011,12/1/2011 ,12/1/2011,11/30/2016 ,Dairy ,small_red,"5,048",9/30/2010 ,550,12/1/2016 ,17 ,22  E ,21 ,SE ,,
0058386 ,Thompsons Gold Dust Dairy ,04 ,20,9798 ,Brown ,NE ,"3793 State Hwy 57, De Pere, WI 54115  ",3793 State Hwy 57, De Pere,54115,Current ,12/28/2010,2010,1/1/2011 ,1/1/2011,12/31/2015 ,Dairy ,small_red,"2,388",2/6/2013 ,0,,22 ,19  E ,9 ,,,
0056839 ,Tidy View Dairy LLC ,04 ,20,9796 ,Outagamie ,NE ,"N3569 Vanden Bosch Rd, Kaukauna, WI 54130 ",N3569 Vanden Bosch Rd, Kaukauna,54130,Current ,6/14/2010,2010,10/1/2010 ,10/1/2010,6/30/2015 ,Dairy ,small_red,"9,587",2/1/2013 ,0,,22 ,18  E ,24 ,SW ,NE ,
0058947 ,Tinedale Farms LLP ,04 ,20,11740 ,Brown ,NE ,"2768 Poplar St, Wrightstown, WI 54180  ",2768 Poplar St, Wrightstown,54180,Current ,9/27/2013,2013,10/1/2013 ,10/1/2013,9/30/2018 ,Dairy ,small_red,"3,665",3/26/2013 ,"5,202",8/1/2016 ,,   ,,,,
0049034 ,Verhasselt Farms Ltd ,04 ,20,7725 ,Outagamie ,NE ,"W873 Golden Glow Rd, Kaukauna, WI 54130 ",W873 Golden Glow Rd, Kaukauna,54130,Current ,8/25/2010,2010,9/1/2010 ,9/1/2010,8/31/2015 ,Dairy ,small_red,"3,920",2/1/2013 ,0,,22 ,19  E ,18 ,SE ,,
0056731 ,STENCIL DAIRY FARMS LLC ,05 ,20,5114 ,Brown ,NE ,"4819 GLENVIEW RD, DENMARK, WI 54208 ",4819 GLENVIEW RD, DENMARK,54208,Current ,4/1/2012,2012,4/1/2012 ,4/1/2012,3/31/2017 ,Dairy ,small_red,"2,803",2/6/2013 ,0,,22 ,21  E ,1 ,NW ,,
0064734 ,DC KAMPS ,01 ,5,44060 ,Lafayette ,SC ,"24234 Center Drive Rd, Belmont, WI 53510  ",24234 Center Drive Rd, Belmont,53510,Current ,10/1/2011,2011,9/1/2012 ,9/1/2012,9/30/2016 ,Swine ,small_green,"1,650",4/23/2012 ,400,9/1/2012 ,,   ,,,,
0063762 ,Dachel Hog Farm ,01 ,5,37676 ,Chippewa ,WC ,"7527 85th Ave, Chippewa Falls, WI 54729  ",7527 85th Ave, Chippewa Falls,54729,Expired ,7/1/2008,2008,7/1/2008 ,7/1/2008,6/30/2013 ,Swine ,small_green,800,,"1,600",7/1/2008 ,,   ,,,,
0063266 ,High View LLC ,01 ,5,33003 ,Richland ,SC ,"29445 Town Hall Road, Muscoda, WI 53573  ",29445 Town Hall Road, Muscoda,53573,Current ,2/27/2013,2013,3/1/2013 ,3/1/2013,12/31/2017 ,Swine ,small_green,"1,208",8/13/2012 ,0,,,   ,,,,
0065307 ,Naples Swine LLC ,01 ,5,48463 ,Buffalo ,WC ,"N49494 County Rd Y, Eleva, WI 54738  ",N49494 County Rd Y, Eleva,54738,Current ,11/8/2013,2013,12/1/2013 ,12/1/2013,9/30/2018 ,Swine ,small_green,0,,"3,232",10/1/2014 ,,   ,,,,
0063878 ,Roth Feeder Pig Inc ,01 ,5,38479 ,Crawford ,WC ,"31961 Hummingbird Ln, Wauzeka, WI 53826  ",31961 Hummingbird Ln, Wauzeka,53826,Current ,5/1/2010,2010,5/1/2010 ,5/1/2010,3/31/2015 ,Swine ,small_green,960,1/26/2010 ,"1,724",1/26/2010 ,,   ,,,,
0064963 ,Wolf L & G Farms LLC ,01 ,5,44595 ,Grant ,SC ,"5590 Substation Road, Lancaster, WI 53815  ",5590 Substation Road, Lancaster,53815,Current ,12/18/2012,2012,1/1/2013 ,1/1/2013,12/31/2017 ,Swine ,small_green,"4,250",5/3/2012 ,0,,,   ,,,,
0063142 ,Crapp Farms Partnership ,02 ,10,31970 ,Grant ,SC ,"5761 Substation Rd, Lancaster, WI 53813  ",5761 Substation Rd, Lancaster,53813,Current ,3/30/2012,2012,4/1/2012 ,4/1/2012,3/31/2017 ,Swine ,small_green,"3,100",2/13/2012 ,0,,,   ,,,,
0049042 ,Maize N Bacon Inc ,02 ,10,10652 ,Sauk ,SC ,"E10761 River Rd, Sauk City, WI 53583 ",E10761 River Rd, Sauk City,53583,Expired ,6/14/2006,2006,7/1/2006 ,7/1/2006,6/30/2011 ,Swine ,small_green,"3,957",11/9/2005 ,"4,471",12/31/2005 ,9 ,6  E ,10 ,SW ,,
0058955 ,Sedelbauer Farms Inc Hog Operation ,03 ,15,11741 ,Jackson ,WC ,"R1 Box 150, Hixton, WI 54635 ",R1 Box 150, Hixton,54635,Current ,10/1/2009,2009,10/1/2009 ,10/1/2009,9/30/2014 ,Swine ,small_green,"1,360",4/1/2004 ,"1,360",,,   ,,,,
0056529 ,Babcock Genetics ,05 ,20,5542 ,La Crosse ,WC ,"P O BOX 577, HOLMEN, WI 546360577 ",P O BOX 577, HOLMEN,54636,Current ,10/1/2011,2011,10/1/2011 ,10/1/2011,9/30/2016 ,Swine ,small_green,"4,100",12/1/2001 ,0,,17 ,8  W ,10 ,SE ,NE ,
0056324 ,"The Hanor Company of Wisconsin, LLC - Crouch Farm ",05 ,20,5276 ,Richland ,SC ,"E4614 Hwy 14-60, Spring Green, WI 53588  ",E4614 Hwy 14-60, Spring Green,53588,Current ,9/1/2013,2013,9/1/2013 ,9/1/2013,6/30/2018 ,Swine ,small_green,"1,454",10/1/2012 ,"1,454",,9 ,1  E ,21 ,SE ,NW ,
0056260 ,"The Hanor Company of Wisconsin, LLC - Main Farm ",05 ,20,5096 ,Sauk ,SC ,"E4614 Hwy 14-60, Spring Green, WI 53588  ",E4614 Hwy 14-60, Spring Green,53588,Current ,9/1/2013,2013,9/1/2013 ,9/1/2013,6/30/2018 ,Swine ,small_green,"3,328",10/1/2012 ,"3,328",,9 ,3  E ,28 ,NW ,,
0062049 ,JENNIE O TURKEY STORE INC ,02 ,10,21104 ,Barron ,NO ,"34 N 7th St, Barron, WI 54812  ",34 N 7th St, Barron,54812,Expired ,2/28/2008,2008,4/1/2008 ,4/1/2008,3/31/2013 ,Turkeys ,small_brown,"52,878",7/10/2002 ,0,,,   ,,,,
0059366 ,ARCAND POULTRY FARM Inc ,03 ,15,13990 ,Polk ,NO ,"809 5th Ave, Clear Lake, WI 54005  ",809 5th Ave, Clear Lake,54005,Current ,2/1/2010,2010,4/1/2010 ,4/1/2010,3/31/2015 ,Turkeys ,small_brown,"1,080",9/24/2009 ,"1,080",9/24/2009 ,,   ,,,,
0063274 ,"Four Cubs Farm, LLC ",01 ,5,38535 ,Burnett ,NO ,"23250 S Williams Road, Grantsburg, WI 54840  ",23250 S Williams Road, Grantsburg,54840,Current ,4/4/2011,2011,5/1/2013 ,5/1/2013,3/31/2016 ,Not listed,small_black,,,,,,   ,,,,
0065099 ,GL Dairy Biogas LLC ,01 ,5,47929 ,Dane ,SC ,"1900 South Ave, La Crosse, WI 53562  ",1900 South Ave, La Crosse,53562,Current ,5/30/2013,2013,6/1/2013 ,6/1/2013,3/31/2018 ,Not listed,small_black,,,,,,   ,,,,
0064955 ,Kulas Grain & Livestock ,01 ,5,46283 ,Trempealeau ,WC ,"W29892 Jaszewski Lane, Arcadia, WI 54612  ",W29892 Jaszewski Lane, Arcadia,54612,Current ,7/1/2012,2012,7/1/2012 ,7/1/2012,6/30/2017 ,Not listed,small_black,,,,,,   ,,,,
0065064 ,"Unlimited Renewables, LLC ",01 ,5,47352 ,Jefferson ,SC ,"N5505 Crossman Road, Lake Mills, WI 53551  ",N5505 Crossman Road, Lake Mills,53551,Current ,12/18/2012,2012,1/1/2013 ,1/1/2013,12/31/2017 ,Not listed,small_black,,,,,,   ,,,,
0053376 ,Maple Leaf Farms Downy Duck Farm ,05 ,20,5240 ,Racine ,SE ,"24830 Washington Ave, Kansasville, WI 53139  ",24830 Washington Ave, Kansasville,53139,Expired ,6/25/1997,1997,7/1/1997 ,7/1/1997,3/31/2002 ,Not listed,small_black,,,,,3 ,21  E ,4 ,SW ,NW ,